series,period,days,first_med,first_p10,last_med,pre_auction,share_night,share_m0700,share_m0900,share_auction,share_main,share_evening,share_pre,weekend_days
BR,2022-01,21,07:00,07:00,23:45,1.0000,0.0000,0.0263,0.0160,0.0035,0.6910,0.2403,0.0430,0.0000
BR,2022-02,19,07:00,07:00,23:45,0.9474,0.0000,0.0254,0.0141,0.0027,0.6901,0.2421,0.0420,0.0000
BR,2022-03,20,10:00,10:00,18:40,0.0000,0.0000,0.0000,0.0000,0.0000,1.0000,0.0000,0.0000,0.0000
BR,2022-04,21,10:00,10:00,18:40,0.0000,0.0000,0.0000,0.0000,0.0000,1.0000,0.0000,0.0000,0.0000
BR,2022-05,18,10:00,10:00,18:40,0.0000,0.0000,0.0000,0.0000,0.0000,1.0000,0.0000,0.0000,0.0000
BR,2022-06,21,10:00,10:00,18:45,0.0000,0.0000,0.0000,0.0000,0.0000,1.0000,0.0000,0.0000,0.0000
BR,2022-07,21,10:00,10:00,23:45,0.0000,0.0000,0.0000,0.0000,0.0000,0.8923,0.1077,0.0000,0.0000
BR,2022-08,23,10:00,10:00,23:45,0.0000,0.0000,0.0000,0.0000,0.0000,0.8532,0.1468,0.0000,0.0000
BR,2022-09,22,09:00,09:00,23:45,0.6818,0.0000,0.0000,0.0228,0.0050,0.8186,0.1571,0.0228,0.0000
BR,2022-10,21,09:00,09:00,23:45,1.0000,0.0000,0.0000,0.0443,0.0060,0.7925,0.1611,0.0443,0.0000
BR,2022-11,21,09:00,09:00,23:45,1.0000,0.0000,0.0000,0.0419,0.0056,0.7077,0.2287,0.0419,0.0000
BR,2022-12,22,09:00,09:00,23:45,1.0000,0.0000,0.0000,0.0349,0.0055,0.7011,0.2585,0.0349,0.0000
BR,2023-01,21,09:00,09:00,23:45,1.0000,0.0000,0.0000,0.0389,0.0041,0.6931,0.2685,0.0389,0.0000
BR,2023-02,19,09:00,09:00,23:45,1.0000,0.0000,0.0000,0.0422,0.0048,0.6950,0.2419,0.0422,0.0000
BR,2023-03,22,09:00,09:00,23:45,1.0000,0.0000,0.0000,0.0385,0.0052,0.6998,0.2537,0.0385,0.0000
BR,2023-04,20,09:00,09:00,23:45,1.0000,0.0000,0.0000,0.0463,0.0057,0.7924,0.1434,0.0463,0.0000
BR,2023-05,21,09:00,09:00,23:45,1.0000,0.0000,0.0000,0.0512,0.0065,0.7691,0.1642,0.0512,0.0000
BR,2023-06,21,09:00,09:00,23:45,1.0000,0.0000,0.0000,0.0547,0.0048,0.7658,0.1682,0.0547,0.0000
BR,2023-07,21,08:55,08:55,23:45,1.0000,0.0000,0.0002,0.0411,0.0051,0.7630,0.2004,0.0421,0.0000
BR,2023-08,23,08:55,08:55,23:45,1.0000,0.0000,0.0005,0.0355,0.0055,0.7715,0.1792,0.0371,0.0000
BR,2023-09,21,09:00,08:55,23:45,1.0000,0.0000,0.0000,0.0471,0.0062,0.7623,0.1708,0.0471,0.0000
BR,2023-10,22,09:00,09:00,23:45,1.0000,0.0000,0.0000,0.0466,0.0058,0.7415,0.2176,0.0474,0.0000
BR,2023-11,22,08:55,08:55,23:45,1.0000,0.0000,0.0008,0.0339,0.0035,0.6828,0.2784,0.0348,0.0000
BR,2023-12,21,08:55,08:55,23:45,1.0000,0.0000,0.0004,0.0278,0.0044,0.6911,0.2731,0.0280,0.0000
BR,2024-01,21,08:55,08:55,23:45,1.0000,0.0000,0.0007,0.0339,0.0044,0.6866,0.2687,0.0339,0.0000
BR,2024-02,20,08:55,08:55,23:45,1.0000,0.0000,0.0004,0.0297,0.0029,0.6829,0.2792,0.0302,0.0000
BR,2024-03,20,08:55,08:55,23:45,1.0000,0.0000,0.0007,0.0342,0.0045,0.7618,0.1994,0.0349,0.0000
BR,2024-04,22,08:55,08:55,23:45,1.0000,0.0000,0.0007,0.0421,0.0061,0.7405,0.2012,0.0449,1.0000
BR,2024-05,21,08:55,08:55,23:45,1.0000,0.0000,0.0008,0.0421,0.0061,0.7524,0.1899,0.0435,0.0000
BR,2024-06,19,09:55,08:55,23:45,0.3684,0.0000,0.0000,0.0000,0.0016,0.7857,0.1852,0.0000,0.0000
BR,2024-07,23,09:55,09:55,23:45,0.0000,0.0000,0.0000,0.0000,0.0013,0.7891,0.2013,0.0000,0.0000
BR,2024-08,22,09:55,09:55,23:45,0.0000,0.0000,0.0000,0.0000,0.0005,0.8013,0.1983,0.0000,0.0000
BR,2024-09,21,09:55,09:55,23:45,0.0000,0.0000,0.0000,0.0000,0.0008,0.8069,0.1876,0.0000,0.0000
BR,2024-10,23,09:55,09:55,23:45,0.0000,0.0000,0.0000,0.0000,0.0007,0.7901,0.2097,0.0000,0.0000
BR,2024-11,20,09:55,09:55,23:45,0.0000,0.0000,0.0000,0.0000,0.0003,0.7544,0.2447,0.0000,1.0000
BR,2024-12,21,09:55,09:55,23:45,0.0000,0.0000,0.0000,0.0000,0.0004,0.7236,0.2742,0.0000,1.0000
BR,2025-01,20,09:55,08:55,23:45,0.2500,0.0000,0.0000,0.0000,0.0012,0.7337,0.2497,0.0000,0.0000
BR,2025-02,20,08:55,08:55,23:45,1.0000,0.0000,0.0011,0.0305,0.0035,0.7327,0.2260,0.0316,0.0000
BR,2025-03,21,08:55,08:55,23:45,1.0000,0.0000,0.0004,0.0376,0.0052,0.7294,0.2171,0.0381,0.0000
BR,2025-04,22,08:55,08:55,23:45,1.0000,0.0000,0.0008,0.0427,0.0065,0.7290,0.2192,0.0439,0.0000
BR,2025-05,20,08:55,08:55,23:45,1.0000,0.0000,0.0006,0.0549,0.0054,0.7257,0.1856,0.0555,0.0000
BR,2025-06,20,08:55,08:55,23:45,1.0000,0.0000,0.0005,0.0410,0.0058,0.6901,0.2456,0.0415,0.0000
BR,2025-07,23,08:55,08:55,23:45,1.0000,0.0000,0.0003,0.0456,0.0060,0.7480,0.1854,0.0468,0.0000
BR,2025-08,21,08:55,08:55,23:45,1.0000,0.0000,0.0008,0.0559,0.0054,0.7464,0.1955,0.0565,6.0000
BR,2025-09,22,08:55,08:55,23:45,1.0000,0.0000,0.0008,0.0487,0.0053,0.7736,0.1494,0.0496,6.0000
BR,2025-10,23,08:55,08:55,23:45,1.0000,0.0000,0.0004,0.0516,0.0065,0.7547,0.1699,0.0529,6.0000
BR,2025-11,19,08:55,08:55,23:45,1.0000,0.0000,0.0010,0.0412,0.0062,0.7034,0.2161,0.0420,7.0000
BR,2025-12,22,08:55,08:55,23:45,1.0000,0.0000,0.0004,0.0490,0.0062,0.6878,0.2388,0.0498,6.0000
BR,2026-01,19,08:55,08:55,23:45,1.0000,0.0000,0.0004,0.0426,0.0055,0.7065,0.2410,0.0444,5.0000
BR,2026-02,20,08:55,08:55,23:45,0.9500,0.0000,0.0004,0.0292,0.0041,0.6856,0.2429,0.0299,6.0000
BR,2026-03,22,08:55,08:55,23:45,1.0000,0.0000,0.0006,0.0520,0.0063,0.6369,0.2901,0.0524,5.0000
BR,2026-04,22,08:55,08:55,23:45,1.0000,0.0000,0.0003,0.0387,0.0057,0.6607,0.2633,0.0389,8.0000
BR,2026-05,21,08:55,08:55,23:45,0.9524,0.0000,0.0003,0.0544,0.0058,0.7145,0.2007,0.0547,8.0000
BR,2026-06,22,08:55,08:55,23:45,0.9545,0.0000,0.0005,0.0639,0.0079,0.7353,0.1908,0.0650,6.0000
BR,2026-07,23,06:55,06:55,23:45,1.0000,0.0000,0.0355,0.0399,0.0064,0.6961,0.1967,0.0686,8.0000
BR,2026-08,21,06:55,06:55,23:45,1.0000,0.0003,0.0424,0.0336,0.0046,0.6999,0.2003,0.0828,6.0000
BR,2026-09,9,06:55,06:55,23:45,1.0000,0.0001,0.0539,0.0407,0.0041,0.6646,0.2289,0.1023,2.0000
CHMF,2022-01,20,10:00,10:00,23:45,0.0000,0.0000,0.0000,0.0000,0.0000,0.9033,0.0967,0.0000,0.0000
CHMF,2022-02,18,10:00,10:00,23:45,0.0000,0.0000,0.0000,0.0000,0.0000,0.9150,0.0850,0.0000,0.0000
CHMF,2022-03,6,10:00,10:00,13:45,0.0000,0.0000,0.0000,0.0000,0.0000,1.0000,0.0000,0.0000,0.0000
CHMF,2022-04,21,10:00,10:00,18:45,0.0000,0.0000,0.0000,0.0000,0.0000,1.0000,0.0000,0.0000,0.0000
CHMF,2022-05,18,10:00,10:00,18:45,0.0000,0.0000,0.0000,0.0000,0.0000,1.0000,0.0000,0.0000,0.0000
CHMF,2022-06,22,10:00,10:00,18:45,0.0000,0.0000,0.0000,0.0000,0.0000,1.0000,0.0000,0.0000,8.0000
CHMF,2022-07,21,10:00,10:00,18:45,0.0000,0.0000,0.0000,0.0000,0.0000,1.0000,0.0000,0.0000,10.0000
CHMF,2022-08,23,10:00,10:00,18:45,0.0000,0.0000,0.0000,0.0000,0.0000,1.0000,0.0000,0.0000,8.0000
CHMF,2022-09,22,10:00,10:00,23:45,0.0000,0.0000,0.0000,0.0000,0.0000,0.9624,0.0376,0.0000,6.0000
CHMF,2022-10,21,10:00,10:00,23:45,0.0000,0.0000,0.0000,0.0000,0.0000,0.9191,0.0809,0.0000,6.0000
CHMF,2022-11,22,10:00,10:00,23:45,0.0000,0.0000,0.0000,0.0000,0.0000,0.8765,0.1235,0.0000,8.0000
CHMF,2022-12,22,10:00,10:00,23:45,0.0000,0.0000,0.0000,0.0000,0.0000,0.9022,0.0978,0.0000,9.0000
CHMF,2023-01,22,10:00,10:00,23:45,0.0000,0.0000,0.0000,0.0000,0.0000,0.8966,0.1034,0.0000,9.0000
CHMF,2023-02,20,10:00,10:00,23:45,0.0000,0.0000,0.0000,0.0000,0.0000,0.9063,0.0937,0.0000,8.0000
CHMF,2023-03,23,10:00,10:00,23:45,0.0000,0.0000,0.0000,0.0000,0.0000,0.8936,0.1064,0.0000,8.0000
CHMF,2023-04,20,10:00,10:00,23:45,0.0000,0.0000,0.0000,0.0000,0.0000,0.9112,0.0888,0.0000,9.0000
CHMF,2023-05,23,10:00,10:00,23:45,0.0000,0.0000,0.0000,0.0000,0.0000,0.9004,0.0996,0.0000,8.0000
CHMF,2023-06,22,10:00,10:00,23:45,0.0000,0.0000,0.0000,0.0000,0.0000,0.8807,0.1193,0.0000,7.0000
CHMF,2023-07,21,10:00,10:00,23:45,0.0000,0.0000,0.0000,0.0000,0.0000,0.8986,0.1014,0.0000,10.0000
CHMF,2023-08,23,10:00,10:00,23:45,0.0000,0.0000,0.0000,0.0000,0.0000,0.9013,0.0987,0.0000,8.0000
CHMF,2023-09,21,10:00,10:00,23:45,0.0000,0.0000,0.0000,0.0000,0.0000,0.9031,0.0969,0.0000,9.0000
CHMF,2023-10,22,10:00,10:00,23:45,0.0000,0.0000,0.0000,0.0000,0.0000,0.8997,0.1003,0.0000,9.0000
CHMF,2023-11,22,10:00,10:00,23:45,0.0000,0.0000,0.0000,0.0000,0.0000,0.9013,0.0987,0.0000,8.0000
CHMF,2023-12,21,10:00,10:00,23:45,0.0000,0.0000,0.0000,0.0000,0.0000,0.8951,0.1049,0.0000,10.0000
CHMF,2024-01,22,09:55,09:55,23:45,0.0000,0.0000,0.0000,0.0000,0.0016,0.9002,0.0977,0.0000,8.0000
CHMF,2024-02,21,09:55,09:55,23:45,0.0000,0.0000,0.0000,0.0000,0.0019,0.8971,0.1022,0.0000,8.0000
CHMF,2024-03,21,09:55,09:55,23:45,0.0000,0.0000,0.0000,0.0000,0.0012,0.8972,0.1019,0.0000,10.0000
CHMF,2024-04,22,09:55,09:55,23:45,0.0000,0.0000,0.0000,0.0000,0.0018,0.8801,0.1184,0.0000,8.0000
CHMF,2024-05,23,09:55,09:55,23:45,0.0000,0.0000,0.0000,0.0000,0.0015,0.8523,0.1461,0.0000,8.0000
CHMF,2024-06,20,09:55,09:55,23:45,0.0000,0.0000,0.0000,0.0000,0.0012,0.8830,0.1156,0.0000,10.0000
CHMF,2024-07,23,09:55,09:55,23:45,0.0000,0.0000,0.0000,0.0000,0.0007,0.8940,0.1048,0.0000,8.0000
CHMF,2024-08,22,07:00,07:00,23:45,0.5909,0.0000,0.0013,0.0006,0.0015,0.8923,0.0991,0.0030,9.0000
CHMF,2024-09,21,07:00,07:00,23:45,0.9048,0.0000,0.0015,0.0009,0.0015,0.8950,0.0994,0.0028,9.0000
CHMF,2024-10,23,07:00,07:00,23:45,1.0000,0.0000,0.0012,0.0007,0.0008,0.9050,0.0890,0.0019,8.0000
CHMF,2024-11,21,07:00,07:00,23:45,1.0000,0.0000,0.0019,0.0005,0.0009,0.8417,0.1436,0.0021,9.0000
CHMF,2024-12,22,07:00,07:00,23:45,1.0000,0.0000,0.0016,0.0008,0.0007,0.8857,0.1102,0.0023,9.0000
CHMF,2025-01,22,07:00,06:55,23:45,1.0000,0.0000,0.0025,0.0019,0.0016,0.8853,0.1095,0.0044,8.0000
CHMF,2025-02,20,06:55,06:55,23:45,1.0000,0.0002,0.0390,0.0272,0.0061,0.7321,0.1419,0.0799,8.0000
CHMF,2025-03,21,06:55,06:55,23:45,1.0000,0.0001,0.0458,0.0275,0.0049,0.7464,0.1629,0.0756,10.0000
CHMF,2025-04,22,06:55,06:55,23:45,1.0000,0.0012,0.0518,0.0279,0.0074,0.7220,0.1555,0.0868,8.0000
CHMF,2025-05,22,06:55,06:55,23:45,1.0000,0.0005,0.0543,0.0290,0.0064,0.7130,0.1619,0.1048,9.0000
CHMF,2025-06,21,06:55,06:55,23:45,1.0000,0.0002,0.0521,0.0306,0.0075,0.7540,0.1311,0.0963,9.0000
CHMF,2025-07,23,06:55,06:55,23:45,1.0000,0.0001,0.0548,0.0231,0.0050,0.7678,0.1188,0.0889,8.0000
CHMF,2025-08,21,06:55,06:55,23:45,1.0000,0.0001,0.0593,0.0233,0.0071,0.6942,0.1726,0.1006,10.0000
CHMF,2025-09,22,06:55,06:55,23:45,1.0000,0.0001,0.0443,0.0264,0.0045,0.7614,0.1344,0.0797,8.0000
CHMF,2025-10,23,06:55,06:55,23:45,1.0000,0.0001,0.0341,0.0244,0.0057,0.7866,0.1157,0.0665,8.0000
CHMF,2025-11,20,06:55,06:55,23:45,1.0000,0.0003,0.0404,0.0232,0.0046,0.7729,0.1133,0.0659,10.0000
CHMF,2025-12,23,06:55,06:55,23:45,0.9565,0.0001,0.0416,0.0286,0.0038,0.7676,0.1354,0.0805,8.0000
CHMF,2026-01,21,06:55,06:55,23:45,1.0000,0.0001,0.0482,0.0288,0.0053,0.7198,0.1502,0.0700,9.0000
CHMF,2026-02,20,06:55,06:55,23:45,1.0000,0.0002,0.0612,0.0292,0.0094,0.7567,0.1277,0.0928,8.0000
CHMF,2026-03,22,06:55,06:55,23:45,1.0000,0.0001,0.0544,0.0409,0.0055,0.7804,0.1073,0.0875,9.0000
CHMF,2026-04,22,06:55,06:55,23:45,1.0000,0.0001,0.0503,0.0288,0.0041,0.7649,0.1280,0.0855,8.0000
CHMF,2026-05,21,06:55,06:55,23:45,1.0000,0.0002,0.0507,0.0337,0.0063,0.7536,0.1117,0.0898,10.0000
CHMF,2026-06,22,06:55,06:55,23:45,1.0000,0.0001,0.0438,0.0304,0.0035,0.8134,0.1074,0.0740,8.0000
CHMF,2026-07,23,06:55,06:55,23:45,1.0000,0.0001,0.0490,0.0302,0.0096,0.7831,0.1089,0.0895,8.0000
CHMF,2026-08,21,06:55,06:55,23:45,1.0000,0.0003,0.0948,0.0302,0.0095,0.7387,0.1001,0.1253,10.0000
CHMF,2026-09,9,06:55,06:55,23:45,1.0000,0.0006,0.0596,0.0253,0.0047,0.6999,0.1188,0.0970,2.0000
CNYRUB_TOM,2022-01,21,07:05,07:00,23:40,1.0000,0.0000,0.0084,0.0147,0.0009,0.9365,0.0179,0.0213,0.0000
CNYRUB_TOM,2022-02,20,07:00,07:00,23:35,0.9500,0.0000,0.0082,0.0064,0.0004,0.9191,0.0144,0.0157,0.0000
CNYRUB_TOM,2022-03,21,10:00,10:00,18:55,0.0000,0.0000,0.0000,0.0000,0.0000,1.0000,0.0000,0.0000,0.0000
CNYRUB_TOM,2022-04,21,09:55,09:55,18:55,0.0000,0.0000,0.0000,0.0000,0.0000,1.0000,0.0000,0.0000,0.0000
CNYRUB_TOM,2022-05,18,09:55,09:55,18:55,0.0000,0.0000,0.0000,0.0000,0.0001,0.9999,0.0000,0.0000,0.0000
CNYRUB_TOM,2022-06,21,09:55,09:55,18:55,0.0000,0.0000,0.0000,0.0000,0.0000,1.0000,0.0000,0.0000,0.0000
CNYRUB_TOM,2022-07,21,09:55,09:55,18:55,0.0000,0.0000,0.0000,0.0000,0.0001,0.9999,0.0000,0.0000,0.0000
CNYRUB_TOM,2022-08,23,09:55,09:55,18:55,0.0000,0.0000,0.0000,0.0000,0.0001,0.9999,0.0000,0.0000,0.0000
CNYRUB_TOM,2022-09,22,07:00,07:00,18:55,0.6818,0.0000,0.0052,0.0060,0.0024,0.9852,0.0000,0.0115,0.0000
CNYRUB_TOM,2022-10,21,07:00,07:00,18:55,1.0000,0.0000,0.0070,0.0108,0.0041,0.9784,0.0000,0.0190,0.0000
CNYRUB_TOM,2022-11,21,07:00,07:00,18:55,1.0000,0.0000,0.0115,0.0172,0.0066,0.9661,0.0000,0.0274,0.0000
CNYRUB_TOM,2022-12,22,07:00,07:00,18:55,1.0000,0.0000,0.0236,0.0203,0.0059,0.9498,0.0000,0.0437,0.0000
CNYRUB_TOM,2023-01,21,06:55,06:55,18:55,1.0000,0.0001,0.0187,0.0244,0.0064,0.9460,0.0000,0.0461,0.0000
CNYRUB_TOM,2023-02,19,06:55,06:55,18:55,1.0000,0.0001,0.0186,0.0246,0.0063,0.9445,0.0000,0.0454,0.0000
CNYRUB_TOM,2023-03,22,06:55,06:55,18:55,1.0000,0.0000,0.0131,0.0173,0.0053,0.9616,0.0000,0.0343,0.0000
CNYRUB_TOM,2023-04,20,06:55,06:55,18:55,1.0000,0.0001,0.0169,0.0270,0.0062,0.9519,0.0000,0.0441,0.0000
CNYRUB_TOM,2023-05,21,06:55,06:55,18:55,1.0000,0.0000,0.0191,0.0330,0.0096,0.9364,0.0000,0.0501,0.0000
CNYRUB_TOM,2023-06,21,06:55,06:55,18:55,1.0000,0.0000,0.0174,0.0332,0.0067,0.9374,0.0000,0.0550,0.0000
CNYRUB_TOM,2023-07,21,06:55,06:55,18:55,1.0000,0.0000,0.0230,0.0270,0.0081,0.9412,0.0000,0.0506,0.0000
CNYRUB_TOM,2023-08,23,06:55,06:55,18:55,1.0000,0.0001,0.0179,0.0270,0.0076,0.9434,0.0000,0.0466,0.0000
CNYRUB_TOM,2023-09,21,06:55,06:55,18:55,1.0000,0.0000,0.0153,0.0283,0.0091,0.9453,0.0000,0.0420,0.0000
CNYRUB_TOM,2023-10,22,06:55,06:55,18:55,1.0000,0.0000,0.0195,0.0348,0.0100,0.9390,0.0000,0.0513,0.0000
CNYRUB_TOM,2023-11,22,06:55,06:55,18:55,1.0000,0.0000,0.0165,0.0347,0.0112,0.9367,0.0000,0.0492,0.0000
CNYRUB_TOM,2023-12,21,06:55,06:55,18:55,1.0000,0.0000,0.0162,0.0243,0.0090,0.9424,0.0000,0.0468,0.0000
CNYRUB_TOM,2024-01,21,06:55,06:55,18:55,1.0000,0.0000,0.0179,0.0340,0.0096,0.9383,0.0000,0.0497,0.0000
CNYRUB_TOM,2024-02,20,06:55,06:55,18:55,1.0000,0.0000,0.0094,0.0177,0.0068,0.9621,0.0000,0.0286,0.0000
CNYRUB_TOM,2024-03,20,06:55,06:55,18:55,1.0000,0.0000,0.0149,0.0284,0.0081,0.9451,0.0000,0.0442,0.0000
CNYRUB_TOM,2024-04,22,06:55,06:55,18:55,1.0000,0.0000,0.0136,0.0327,0.0120,0.9318,0.0000,0.0471,1.0000
CNYRUB_TOM,2024-05,21,06:55,06:55,18:55,1.0000,0.0000,0.0155,0.0391,0.0111,0.9326,0.0000,0.0571,0.0000
CNYRUB_TOM,2024-06,19,09:55,06:55,18:55,0.3684,0.0000,0.0000,0.0000,0.0003,0.9997,0.0000,0.0000,0.0000
CNYRUB_TOM,2024-07,23,09:55,09:55,18:55,0.0000,0.0000,0.0000,0.0000,0.0000,1.0000,0.0000,0.0000,0.0000
CNYRUB_TOM,2024-08,22,09:55,09:55,18:55,0.0000,0.0000,0.0000,0.0000,0.0000,1.0000,0.0000,0.0000,0.0000
CNYRUB_TOM,2024-09,21,09:55,09:55,18:55,0.0000,0.0000,0.0000,0.0000,0.0000,1.0000,0.0000,0.0000,0.0000
CNYRUB_TOM,2024-10,23,09:55,09:55,18:55,0.0000,0.0000,0.0000,0.0000,0.0000,1.0000,0.0000,0.0000,0.0000
CNYRUB_TOM,2024-11,20,09:55,09:55,18:55,0.0000,0.0000,0.0000,0.0000,0.0000,1.0000,0.0000,0.0000,1.0000
CNYRUB_TOM,2024-12,21,09:55,09:55,18:55,0.0000,0.0000,0.0000,0.0000,0.0000,1.0000,0.0000,0.0000,1.0000
CNYRUB_TOM,2025-01,20,09:55,09:55,18:55,0.0000,0.0000,0.0000,0.0000,0.0000,1.0000,0.0000,0.0000,0.0000
CNYRUB_TOM,2025-02,20,09:55,09:55,18:55,0.0000,0.0000,0.0000,0.0000,0.0001,0.9999,0.0000,0.0000,0.0000
CNYRUB_TOM,2025-03,21,09:55,09:55,18:55,0.0000,0.0000,0.0000,0.0000,0.0001,0.9999,0.0000,0.0000,0.0000
CNYRUB_TOM,2025-04,22,09:55,09:55,18:55,0.0000,0.0000,0.0000,0.0000,0.0001,0.9999,0.0000,0.0000,0.0000
CNYRUB_TOM,2025-05,20,09:55,09:55,18:55,0.0000,0.0000,0.0000,0.0000,0.0001,0.9999,0.0000,0.0000,0.0000
CNYRUB_TOM,2025-06,20,09:55,09:55,18:55,0.0000,0.0000,0.0000,0.0000,0.0002,0.9998,0.0000,0.0000,0.0000
CNYRUB_TOM,2025-07,23,09:55,09:55,18:55,0.0000,0.0000,0.0000,0.0000,0.0000,1.0000,0.0000,0.0000,0.0000
CNYRUB_TOM,2025-08,21,09:55,09:55,18:55,0.0000,0.0000,0.0000,0.0000,0.0000,1.0000,0.0000,0.0000,0.0000
CNYRUB_TOM,2025-09,22,09:55,09:55,18:55,0.0000,0.0000,0.0000,0.0000,0.0001,0.9999,0.0000,0.0000,0.0000
CNYRUB_TOM,2025-10,23,09:55,09:55,18:55,0.0000,0.0000,0.0000,0.0000,0.0001,0.9999,0.0000,0.0000,0.0000
CNYRUB_TOM,2025-11,19,09:55,09:55,18:55,0.0000,0.0000,0.0000,0.0000,0.0001,0.9999,0.0000,0.0000,1.0000
CNYRUB_TOM,2025-12,22,09:55,09:55,18:55,0.0000,0.0000,0.0000,0.0000,0.0001,0.9999,0.0000,0.0000,0.0000
CNYRUB_TOM,2026-01,19,09:55,09:55,18:55,0.0000,0.0000,0.0000,0.0000,0.0000,1.0000,0.0000,0.0000,0.0000
CNYRUB_TOM,2026-02,19,09:55,09:55,18:55,0.0000,0.0000,0.0000,0.0000,0.0000,1.0000,0.0000,0.0000,0.0000
CNYRUB_TOM,2026-03,22,09:55,09:55,18:55,0.0000,0.0000,0.0000,0.0000,0.0001,0.9999,0.0000,0.0000,0.0000
CNYRUB_TOM,2026-04,22,09:55,09:55,18:55,0.0000,0.0000,0.0000,0.0000,0.0001,0.9999,0.0000,0.0000,0.0000
CNYRUB_TOM,2026-05,20,09:55,09:55,18:55,0.0000,0.0000,0.0000,0.0000,0.0001,0.9999,0.0000,0.0000,0.0000
CNYRUB_TOM,2026-06,21,09:55,09:55,18:55,0.0000,0.0000,0.0000,0.0000,0.0001,0.9999,0.0000,0.0000,0.0000
CNYRUB_TOM,2026-07,23,09:55,09:55,18:55,0.0000,0.0000,0.0000,0.0000,0.0001,0.9999,0.0000,0.0000,0.0000
CNYRUB_TOM,2026-08,21,09:55,09:55,18:55,0.0000,0.0000,0.0000,0.0000,0.0001,0.9999,0.0000,0.0000,0.0000
CNYRUB_TOM,2026-09,9,09:55,09:55,18:55,0.0000,0.0000,0.0000,0.0000,0.0002,0.9998,0.0000,0.0000,0.0000
CR,2022-04,7,10:00,10:00,18:40,0.0000,0.0000,0.0000,0.0000,0.0000,1.0000,0.0000,0.0000,0.0000
CR,2022-05,18,10:00,10:00,18:40,0.0000,0.0000,0.0000,0.0000,0.0000,1.0000,0.0000,0.0000,0.0000
CR,2022-06,21,10:00,10:00,18:45,0.0000,0.0000,0.0000,0.0000,0.0000,1.0000,0.0000,0.0000,0.0000
CR,2022-07,21,10:00,10:00,23:45,0.0000,0.0000,0.0000,0.0000,0.0000,0.9775,0.0225,0.0000,0.0000
CR,2022-08,23,10:00,10:00,23:45,0.0000,0.0000,0.0000,0.0000,0.0000,0.9634,0.0366,0.0000,0.0000
CR,2022-09,22,09:00,09:00,23:45,0.6818,0.0000,0.0000,0.0209,0.0019,0.9342,0.0342,0.0209,0.0000
CR,2022-10,21,09:00,09:00,23:45,1.0000,0.0000,0.0000,0.0400,0.0087,0.8968,0.0288,0.0400,0.0000
CR,2022-11,21,09:00,09:00,23:45,1.0000,0.0000,0.0000,0.0638,0.0129,0.8835,0.0381,0.0638,0.0000
CR,2022-12,22,09:00,09:00,23:45,1.0000,0.0000,0.0000,0.0464,0.0080,0.8863,0.0611,0.0464,0.0000
CR,2023-01,21,09:00,09:00,23:45,1.0000,0.0000,0.0000,0.0503,0.0088,0.8888,0.0494,0.0503,0.0000
CR,2023-02,19,09:00,09:00,23:45,1.0000,0.0000,0.0000,0.0625,0.0088,0.8486,0.0512,0.0625,0.0000
CR,2023-03,22,09:00,09:00,23:45,1.0000,0.0000,0.0000,0.0615,0.0085,0.8761,0.0406,0.0615,0.0000
CR,2023-04,20,09:00,09:00,23:45,1.0000,0.0000,0.0000,0.0566,0.0051,0.9002,0.0258,0.0566,0.0000
CR,2023-05,21,09:00,09:00,23:45,1.0000,0.0000,0.0000,0.0610,0.0098,0.8966,0.0259,0.0610,0.0000
CR,2023-06,21,09:00,09:00,23:45,1.0000,0.0000,0.0000,0.0480,0.0067,0.9126,0.0218,0.0480,0.0000
CR,2023-07,21,08:55,08:55,23:45,1.0000,0.0000,0.0003,0.0534,0.0082,0.8939,0.0362,0.0534,0.0000
CR,2023-08,23,08:55,08:55,23:45,1.0000,0.0000,0.0007,0.0545,0.0073,0.8991,0.0420,0.0546,0.0000
CR,2023-09,21,09:00,08:55,23:45,1.0000,0.0000,0.0000,0.0561,0.0097,0.9048,0.0350,0.0561,0.0000
CR,2023-10,22,09:00,09:00,23:45,1.0000,0.0000,0.0000,0.0582,0.0086,0.8929,0.0356,0.0582,0.0000
CR,2023-11,22,08:55,08:55,23:45,1.0000,0.0000,0.0003,0.0520,0.0078,0.8935,0.0421,0.0521,0.0000
CR,2023-12,21,08:55,08:55,23:45,1.0000,0.0000,0.0004,0.0449,0.0082,0.9078,0.0317,0.0462,0.0000
CR,2024-01,21,08:55,08:55,23:45,1.0000,0.0000,0.0002,0.0446,0.0087,0.9126,0.0239,0.0448,0.0000
CR,2024-02,20,08:55,08:55,23:45,1.0000,0.0000,0.0001,0.0341,0.0060,0.9265,0.0230,0.0341,0.0000
CR,2024-03,20,08:55,08:55,23:45,1.0000,0.0000,0.0002,0.0451,0.0089,0.9208,0.0214,0.0452,0.0000
CR,2024-04,22,08:55,08:55,23:45,1.0000,0.0000,0.0001,0.0559,0.0130,0.9019,0.0234,0.0561,1.0000
CR,2024-05,21,08:55,08:55,23:45,1.0000,0.0000,0.0001,0.0579,0.0110,0.8960,0.0220,0.0581,0.0000
CR,2024-06,19,09:55,08:55,23:45,0.3684,0.0000,0.0000,0.0000,0.0004,0.9679,0.0220,0.0000,0.0000
CR,2024-07,23,09:55,09:55,23:45,0.0000,0.0000,0.0000,0.0000,0.0001,0.9681,0.0318,0.0000,0.0000
CR,2024-08,22,09:55,09:55,23:45,0.0000,0.0000,0.0000,0.0000,0.0001,0.9722,0.0274,0.0000,0.0000
CR,2024-09,21,09:55,09:55,23:45,0.0000,0.0000,0.0000,0.0000,0.0001,0.9721,0.0272,0.0000,0.0000
CR,2024-10,23,09:55,09:55,23:45,0.0000,0.0000,0.0000,0.0000,0.0003,0.9736,0.0263,0.0000,0.0000
CR,2024-11,20,09:55,09:55,23:45,0.0000,0.0000,0.0000,0.0000,0.0002,0.9521,0.0478,0.0000,1.0000
CR,2024-12,21,09:55,09:55,23:45,0.0000,0.0000,0.0000,0.0000,0.0001,0.9652,0.0348,0.0000,1.0000
CR,2025-01,20,09:55,08:55,23:45,0.2500,0.0000,0.0000,0.0000,0.0004,0.9493,0.0446,0.0000,0.0000
CR,2025-02,20,08:55,08:55,23:45,1.0000,0.0000,0.0001,0.0225,0.0044,0.9111,0.0517,0.0226,0.0000
CR,2025-03,21,08:55,08:55,23:45,1.0000,0.0000,0.0001,0.0267,0.0063,0.8779,0.0801,0.0268,0.0000
CR,2025-04,22,08:55,08:55,23:45,1.0000,0.0000,0.0002,0.0203,0.0040,0.9104,0.0593,0.0205,0.0000
CR,2025-05,20,08:55,08:55,23:45,1.0000,0.0000,0.0002,0.0348,0.0066,0.9050,0.0433,0.0349,0.0000
CR,2025-06,20,08:55,08:55,23:45,1.0000,0.0000,0.0001,0.0402,0.0058,0.9104,0.0381,0.0402,0.0000
CR,2025-07,23,08:55,08:55,23:45,1.0000,0.0000,0.0000,0.0179,0.0060,0.9349,0.0332,0.0180,0.0000
CR,2025-08,21,08:55,08:55,23:45,1.0000,0.0000,0.0000,0.0274,0.0045,0.9136,0.0353,0.0274,0.0000
CR,2025-09,22,08:55,08:55,23:45,1.0000,0.0000,0.0001,0.0280,0.0052,0.9245,0.0330,0.0280,0.0000
CR,2025-10,23,08:55,08:55,23:45,1.0000,0.0000,0.0000,0.0316,0.0056,0.9251,0.0346,0.0316,0.0000
CR,2025-11,19,08:55,08:55,23:45,1.0000,0.0000,0.0001,0.0336,0.0059,0.9281,0.0299,0.0336,1.0000
CR,2025-12,22,08:55,08:55,23:45,1.0000,0.0000,0.0000,0.0253,0.0068,0.9318,0.0358,0.0253,0.0000
CR,2026-01,19,08:55,08:55,23:45,1.0000,0.0000,0.0000,0.0302,0.0045,0.9324,0.0286,0.0302,0.0000
CR,2026-02,19,08:55,08:55,23:45,1.0000,0.0000,0.0000,0.0152,0.0025,0.9515,0.0224,0.0156,0.0000
CR,2026-03,22,08:55,08:55,23:45,1.0000,0.0000,0.0001,0.0225,0.0035,0.9285,0.0353,0.0227,0.0000
CR,2026-04,22,08:55,08:55,23:45,1.0000,0.0000,0.0000,0.0231,0.0066,0.9371,0.0318,0.0231,0.0000
CR,2026-05,20,08:55,08:55,23:45,1.0000,0.0000,0.0001,0.0318,0.0056,0.9204,0.0276,0.0320,0.0000
CR,2026-06,21,08:55,08:55,23:45,1.0000,0.0000,0.0000,0.0450,0.0073,0.9057,0.0340,0.0450,0.0000
CR,2026-07,23,06:55,06:55,23:45,1.0000,0.0000,0.0092,0.0279,0.0047,0.9210,0.0334,0.0351,4.0000
CR,2026-08,21,06:55,06:55,23:45,1.0000,0.0000,0.0151,0.0178,0.0071,0.9081,0.0403,0.0346,6.0000
CR,2026-09,9,06:55,06:55,23:45,1.0000,0.0000,0.0133,0.0133,0.0049,0.9250,0.0464,0.0266,2.0000
GD,2022-01,21,07:00,07:00,23:45,1.0000,0.0000,0.0374,0.0171,0.0052,0.7274,0.2088,0.0539,0.0000
GD,2022-02,19,07:00,07:00,23:45,0.9474,0.0000,0.0588,0.0230,0.0029,0.6746,0.2239,0.0948,0.0000
GD,2022-03,20,10:00,10:00,18:40,0.0000,0.0000,0.0000,0.0000,0.0000,1.0000,0.0000,0.0000,0.0000
GD,2022-04,21,10:00,10:00,18:40,0.0000,0.0000,0.0000,0.0000,0.0000,1.0000,0.0000,0.0000,0.0000
GD,2022-05,18,10:00,10:00,18:40,0.0000,0.0000,0.0000,0.0000,0.0000,1.0000,0.0000,0.0000,0.0000
GD,2022-06,21,10:00,10:00,18:45,0.0000,0.0000,0.0000,0.0000,0.0000,1.0000,0.0000,0.0000,0.0000
GD,2022-07,21,10:00,10:00,23:45,0.0000,0.0000,0.0000,0.0000,0.0000,0.9356,0.0644,0.0000,0.0000
GD,2022-08,23,10:00,10:00,23:45,0.0000,0.0000,0.0000,0.0000,0.0000,0.8925,0.1075,0.0000,0.0000
GD,2022-09,22,09:00,09:00,23:45,0.6818,0.0000,0.0000,0.0317,0.0053,0.8160,0.1346,0.0317,0.0000
GD,2022-10,21,09:00,09:00,23:45,1.0000,0.0000,0.0000,0.0589,0.0065,0.7666,0.1577,0.0589,0.0000
GD,2022-11,21,09:00,09:00,23:45,1.0000,0.0000,0.0000,0.0524,0.0074,0.7348,0.1899,0.0524,0.0000
GD,2022-12,22,09:00,09:00,23:45,1.0000,0.0000,0.0000,0.0427,0.0043,0.7212,0.2246,0.0427,0.0000
GD,2023-01,21,09:00,09:00,23:45,1.0000,0.0000,0.0000,0.0617,0.0057,0.7229,0.2162,0.0617,0.0000
GD,2023-02,19,09:00,09:00,23:45,1.0000,0.0000,0.0000,0.0474,0.0046,0.7379,0.1914,0.0474,0.0000
GD,2023-03,22,09:00,09:00,23:45,1.0000,0.0000,0.0000,0.0629,0.0088,0.7368,0.2005,0.0629,0.0000
GD,2023-04,20,09:00,09:00,23:45,1.0000,0.0000,0.0000,0.0737,0.0049,0.8048,0.1069,0.0737,0.0000
GD,2023-05,21,09:00,09:00,23:45,1.0000,0.0000,0.0000,0.0633,0.0057,0.7660,0.1649,0.0633,0.0000
GD,2023-06,21,09:00,09:00,23:45,1.0000,0.0000,0.0000,0.0556,0.0061,0.7989,0.1297,0.0556,0.0000
GD,2023-07,21,08:55,08:55,23:45,1.0000,0.0000,0.0006,0.0614,0.0080,0.8098,0.1087,0.0624,0.0000
GD,2023-08,23,08:55,08:55,23:45,1.0000,0.0000,0.0008,0.0620,0.0067,0.8065,0.1154,0.0632,0.0000
GD,2023-09,21,09:00,08:55,23:45,1.0000,0.0000,0.0000,0.0504,0.0045,0.7759,0.1178,0.0505,0.0000
GD,2023-10,22,09:00,09:00,23:45,1.0000,0.0000,0.0000,0.0520,0.0058,0.7308,0.1911,0.0520,0.0000
GD,2023-11,22,08:55,08:55,23:45,1.0000,0.0000,0.0006,0.0451,0.0036,0.7353,0.1967,0.0458,0.0000
GD,2023-12,21,08:55,08:55,23:45,1.0000,0.0000,0.0007,0.0435,0.0039,0.7317,0.1971,0.0448,0.0000
GD,2024-01,21,08:55,08:55,23:45,1.0000,0.0000,0.0012,0.0474,0.0052,0.7496,0.1920,0.0499,0.0000
GD,2024-02,20,08:55,08:55,23:45,1.0000,0.0000,0.0003,0.0305,0.0035,0.7905,0.1537,0.0309,0.0000
GD,2024-03,20,08:55,08:55,23:45,1.0000,0.0000,0.0011,0.0375,0.0064,0.7533,0.1650,0.0378,0.0000
GD,2024-04,22,08:55,08:55,23:45,1.0000,0.0000,0.0014,0.0496,0.0067,0.6868,0.2198,0.0502,1.0000
GD,2024-05,21,08:55,08:55,23:45,1.0000,0.0000,0.0012,0.0671,0.0079,0.7587,0.1605,0.0712,0.0000
GD,2024-06,19,09:55,08:55,23:45,0.3684,0.0000,0.0000,0.0000,0.0023,0.8176,0.1528,0.0000,0.0000
GD,2024-07,23,09:55,09:55,23:45,0.0000,0.0000,0.0000,0.0000,0.0017,0.8006,0.1969,0.0000,0.0000
GD,2024-08,22,09:55,09:55,23:45,0.0000,0.0000,0.0000,0.0000,0.0008,0.8088,0.1905,0.0000,0.0000
GD,2024-09,21,09:55,09:55,23:45,0.0000,0.0000,0.0000,0.0000,0.0008,0.8382,0.1618,0.0000,0.0000
GD,2024-10,23,09:55,09:55,23:45,0.0000,0.0000,0.0000,0.0000,0.0019,0.8270,0.1679,0.0000,0.0000
GD,2024-11,20,09:55,09:55,23:45,0.0000,0.0000,0.0000,0.0000,0.0022,0.8275,0.1680,0.0000,1.0000
GD,2024-12,21,09:55,09:55,23:45,0.0000,0.0000,0.0000,0.0000,0.0005,0.8152,0.1808,0.0000,1.0000
GD,2025-01,20,09:55,08:55,23:45,0.2500,0.0000,0.0000,0.0000,0.0018,0.8071,0.1916,0.0000,0.0000
GD,2025-02,20,08:55,08:55,23:45,1.0000,0.0000,0.0011,0.0501,0.0073,0.7391,0.1799,0.0510,0.0000
GD,2025-03,21,08:55,08:55,23:45,1.0000,0.0000,0.0006,0.0419,0.0050,0.7498,0.1496,0.0427,0.0000
GD,2025-04,22,08:55,08:55,23:45,1.0000,0.0000,0.0017,0.0712,0.0075,0.7077,0.2082,0.0725,0.0000
GD,2025-05,20,08:55,08:55,23:45,1.0000,0.0000,0.0015,0.0793,0.0067,0.7437,0.1749,0.0815,0.0000
GD,2025-06,20,08:55,08:55,23:45,1.0000,0.0000,0.0017,0.0710,0.0084,0.7468,0.1575,0.0737,0.0000
GD,2025-07,23,08:55,08:55,23:45,1.0000,0.0000,0.0015,0.0607,0.0067,0.7906,0.1359,0.0642,0.0000
GD,2025-08,21,08:55,08:55,23:45,1.0000,0.0000,0.0013,0.0548,0.0066,0.7898,0.1528,0.0588,6.0000
GD,2025-09,22,08:55,08:55,23:45,1.0000,0.0000,0.0010,0.0711,0.0060,0.7356,0.1518,0.0725,6.0000
GD,2025-10,23,08:55,08:55,23:45,1.0000,0.0000,0.0005,0.0629,0.0069,0.6985,0.2172,0.0635,6.0000
GD,2025-11,19,08:55,08:55,23:45,1.0000,0.0000,0.0009,0.0613,0.0074,0.6655,0.2492,0.0623,7.0000
GD,2025-12,22,08:55,08:55,23:45,1.0000,0.0000,0.0010,0.0581,0.0056,0.7027,0.2273,0.0582,6.0000
GD,2026-01,19,08:55,08:55,23:45,1.0000,0.0000,0.0009,0.0734,0.0071,0.6360,0.2616,0.0742,5.0000
GD,2026-02,20,08:55,08:55,23:45,0.9500,0.0000,0.0004,0.0545,0.0063,0.7078,0.2133,0.0549,6.0000
GD,2026-03,22,08:55,08:55,23:45,1.0000,0.0000,0.0005,0.0520,0.0070,0.7005,0.2430,0.0526,5.0000
GD,2026-04,22,08:55,08:55,23:45,1.0000,0.0000,0.0002,0.0668,0.0106,0.6942,0.2052,0.0680,8.0000
GD,2026-05,21,08:55,08:55,23:45,0.9524,0.0000,0.0003,0.0587,0.0077,0.7442,0.1735,0.0590,8.0000
GD,2026-06,22,08:55,08:55,23:45,0.9545,0.0000,0.0009,0.0533,0.0059,0.7624,0.1642,0.0537,6.0000
GD,2026-07,23,06:55,06:55,23:45,1.0000,0.0001,0.0316,0.0472,0.0048,0.7296,0.1588,0.0907,8.0000
GD,2026-08,21,06:55,06:55,23:45,1.0000,0.0003,0.0590,0.0326,0.0057,0.7043,0.1878,0.0978,6.0000
GD,2026-09,9,06:55,06:55,23:45,1.0000,0.0004,0.0555,0.0480,0.0061,0.7489,0.1516,0.0930,2.0000
GL,2023-06,3,09:00,09:00,23:45,0.6667,0.0000,0.0000,0.0517,0.0064,0.8391,0.0582,0.0517,0.0000
GL,2023-07,21,09:00,08:55,23:45,1.0000,0.0000,0.0000,0.0245,0.0021,0.9403,0.0335,0.0245,0.0000
GL,2023-08,23,09:00,08:55,23:45,1.0000,0.0000,0.0000,0.0414,0.0023,0.9050,0.0457,0.0414,0.0000
GL,2023-09,21,09:00,08:55,23:40,1.0000,0.0000,0.0000,0.0356,0.0017,0.9255,0.0322,0.0356,0.0000
GL,2023-10,22,09:00,09:00,23:45,1.0000,0.0000,0.0000,0.0569,0.0061,0.8791,0.0552,0.0569,0.0000
GL,2023-11,22,09:00,08:55,23:45,1.0000,0.0000,0.0000,0.0293,0.0019,0.8363,0.0901,0.0293,0.0000
GL,2023-12,21,09:00,08:55,23:45,1.0000,0.0000,0.0000,0.0567,0.0031,0.8287,0.0669,0.0567,0.0000
GL,2024-01,21,09:00,08:55,23:45,1.0000,0.0000,0.0000,0.0575,0.0019,0.8632,0.0520,0.0577,0.0000
GL,2024-02,20,09:00,08:55,23:45,1.0000,0.0000,0.0000,0.0408,0.0026,0.8533,0.0769,0.0408,0.0000
GL,2024-03,20,08:55,08:55,23:45,1.0000,0.0000,0.0001,0.0644,0.0092,0.8023,0.1140,0.0647,0.0000
GL,2024-04,22,08:55,08:55,23:45,1.0000,0.0000,0.0002,0.0715,0.0062,0.7809,0.0953,0.0724,1.0000
GL,2024-05,21,08:55,08:55,23:45,1.0000,0.0000,0.0002,0.0709,0.0111,0.7875,0.1101,0.0710,0.0000
GL,2024-06,19,09:55,08:55,23:45,0.3684,0.0000,0.0000,0.0000,0.0002,0.8721,0.0809,0.0000,0.0000
GL,2024-07,23,09:55,09:55,23:45,0.0000,0.0000,0.0000,0.0000,0.0001,0.8657,0.1341,0.0000,0.0000
GL,2024-08,22,09:55,09:55,23:45,0.0000,0.0000,0.0000,0.0000,0.0000,0.8960,0.1040,0.0000,0.0000
GL,2024-09,21,10:00,09:55,23:45,0.0000,0.0000,0.0000,0.0000,0.0000,0.8677,0.1323,0.0000,0.0000
GL,2024-10,23,09:55,09:55,23:45,0.0000,0.0000,0.0000,0.0000,0.0000,0.8745,0.1252,0.0000,0.0000
GL,2024-11,20,09:55,09:55,23:45,0.0000,0.0000,0.0000,0.0000,0.0001,0.8476,0.1523,0.0000,1.0000
GL,2024-12,21,09:55,09:55,23:45,0.0000,0.0000,0.0000,0.0000,0.0000,0.8671,0.1328,0.0000,1.0000
GL,2025-01,20,09:55,08:55,23:45,0.2500,0.0000,0.0000,0.0000,0.0001,0.8781,0.1154,0.0000,0.0000
GL,2025-02,20,08:55,08:55,23:45,1.0000,0.0000,0.0001,0.0508,0.0058,0.7860,0.1211,0.0522,0.0000
GL,2025-03,21,09:00,08:55,23:45,1.0000,0.0000,0.0000,0.0353,0.0041,0.8563,0.1165,0.0353,0.0000
GL,2025-04,22,08:55,08:55,23:45,1.0000,0.0000,0.0002,0.0428,0.0040,0.8414,0.1014,0.0436,0.0000
GL,2025-05,20,08:55,08:55,23:45,1.0000,0.0000,0.0004,0.0716,0.0076,0.8065,0.1062,0.0718,0.0000
GL,2025-06,20,08:55,08:55,23:45,1.0000,0.0000,0.0003,0.0512,0.0041,0.8442,0.0950,0.0516,0.0000
GL,2025-07,23,08:55,08:55,23:45,1.0000,0.0000,0.0000,0.0366,0.0027,0.8731,0.0614,0.0368,0.0000
GL,2025-08,21,09:00,08:55,23:45,1.0000,0.0000,0.0000,0.0279,0.0022,0.8686,0.0842,0.0279,6.0000
GL,2025-09,22,08:55,08:55,23:45,1.0000,0.0000,0.0001,0.0420,0.0047,0.8621,0.0673,0.0422,6.0000
GL,2025-10,23,08:55,08:55,23:45,1.0000,0.0000,0.0001,0.0479,0.0061,0.8333,0.0982,0.0479,6.0000
GL,2025-11,19,08:55,08:55,23:45,1.0000,0.0000,0.0002,0.0447,0.0035,0.8257,0.0989,0.0460,7.0000
GL,2025-12,22,08:55,08:55,23:45,1.0000,0.0000,0.0001,0.0341,0.0069,0.8533,0.0921,0.0342,6.0000
GL,2026-01,19,08:55,08:55,23:45,1.0000,0.0000,0.0004,0.0633,0.0065,0.7958,0.1077,0.0636,5.0000
GL,2026-02,20,08:55,08:55,23:45,0.9500,0.0000,0.0002,0.0510,0.0048,0.8005,0.1237,0.0517,6.0000
GL,2026-03,22,08:55,08:55,23:45,1.0000,0.0000,0.0001,0.0367,0.0044,0.8339,0.1175,0.0369,5.0000
GL,2026-04,22,08:55,08:55,23:45,1.0000,0.0000,0.0000,0.0394,0.0070,0.8253,0.0995,0.0395,8.0000
GL,2026-05,21,08:55,08:55,23:45,0.9524,0.0000,0.0000,0.0377,0.0045,0.8847,0.0717,0.0377,8.0000
GL,2026-06,21,08:55,08:55,23:45,0.9524,0.0000,0.0001,0.0403,0.0035,0.8958,0.0510,0.0405,6.0000
GL,2026-07,23,07:00,06:55,23:45,1.0000,0.0000,0.0162,0.0231,0.0033,0.8914,0.0464,0.0441,8.0000
GL,2026-08,21,06:55,06:55,23:45,1.0000,0.0001,0.0440,0.0179,0.0038,0.8425,0.0749,0.0706,6.0000
GL,2026-09,9,06:55,06:55,23:45,1.0000,0.0001,0.0347,0.0154,0.0020,0.8530,0.0425,0.0500,2.0000
GMKN,2022-01,20,06:55,06:55,23:45,1.0000,0.0001,0.0568,0.0189,0.0038,0.8105,0.0937,0.0752,0.0000
GMKN,2022-02,18,06:55,06:55,23:45,0.9444,0.0001,0.0524,0.0174,0.0042,0.8072,0.1040,0.0679,0.0000
GMKN,2022-03,6,09:55,09:55,13:45,0.0000,0.0000,0.0000,0.0000,0.0047,0.9953,0.0000,0.0000,0.0000
GMKN,2022-04,21,09:55,09:55,18:45,0.0000,0.0000,0.0000,0.0000,0.0013,0.9987,0.0000,0.0000,0.0000
GMKN,2022-05,18,09:55,09:55,18:45,0.0000,0.0000,0.0000,0.0000,0.0007,0.9993,0.0000,0.0000,0.0000
GMKN,2022-06,21,09:55,09:55,18:45,0.0000,0.0000,0.0000,0.0000,0.0009,0.9991,0.0000,0.0000,2.0000
GMKN,2022-07,21,09:55,09:55,18:45,0.0000,0.0000,0.0000,0.0000,0.0010,0.9990,0.0000,0.0000,7.0000
GMKN,2022-08,23,09:55,09:55,18:45,0.0000,0.0000,0.0000,0.0000,0.0011,0.9989,0.0000,0.0000,8.0000
GMKN,2022-09,22,09:55,09:55,23:45,0.0000,0.0000,0.0000,0.0000,0.0012,0.9596,0.0390,0.0000,6.0000
GMKN,2022-10,21,09:55,09:55,23:45,0.0000,0.0000,0.0000,0.0000,0.0009,0.9185,0.0794,0.0000,6.0000
GMKN,2022-11,22,09:55,09:55,23:45,0.0000,0.0000,0.0000,0.0000,0.0009,0.9076,0.0909,0.0000,8.0000
GMKN,2022-12,22,09:55,09:55,23:45,0.0000,0.0000,0.0000,0.0000,0.0014,0.8972,0.0964,0.0000,9.0000
GMKN,2023-01,22,09:55,09:55,23:45,0.0000,0.0000,0.0000,0.0000,0.0018,0.9021,0.0954,0.0000,9.0000
GMKN,2023-02,20,09:55,09:55,23:45,0.0000,0.0000,0.0000,0.0000,0.0013,0.9091,0.0895,0.0000,8.0000
GMKN,2023-03,23,09:55,09:55,23:45,0.0000,0.0000,0.0000,0.0000,0.0019,0.9174,0.0817,0.0000,8.0000
GMKN,2023-04,20,09:55,09:55,23:45,0.0000,0.0000,0.0000,0.0000,0.0015,0.9040,0.0931,0.0000,9.0000
GMKN,2023-05,23,09:55,09:55,23:45,0.0000,0.0000,0.0000,0.0000,0.0012,0.8854,0.1141,0.0000,8.0000
GMKN,2023-06,22,09:55,09:55,23:45,0.0000,0.0000,0.0000,0.0000,0.0009,0.8981,0.1016,0.0000,7.0000
GMKN,2023-07,21,09:55,09:55,23:45,0.0000,0.0000,0.0000,0.0000,0.0016,0.8630,0.1361,0.0000,10.0000
GMKN,2023-08,23,09:55,09:55,23:45,0.0000,0.0000,0.0000,0.0000,0.0011,0.8834,0.1163,0.0000,8.0000
GMKN,2023-09,21,09:55,09:55,23:45,0.0000,0.0000,0.0000,0.0000,0.0015,0.8920,0.1039,0.0000,9.0000
GMKN,2023-10,22,09:55,09:55,23:45,0.0000,0.0000,0.0000,0.0000,0.0011,0.8990,0.1002,0.0000,9.0000
GMKN,2023-11,22,09:55,09:55,23:45,0.0000,0.0000,0.0000,0.0000,0.0014,0.8948,0.1038,0.0000,8.0000
GMKN,2023-12,21,09:55,09:55,23:45,0.0000,0.0000,0.0000,0.0000,0.0015,0.8696,0.1301,0.0000,10.0000
GMKN,2024-01,22,09:55,09:55,23:45,0.0000,0.0000,0.0000,0.0000,0.0014,0.8699,0.1272,0.0000,8.0000
GMKN,2024-02,21,09:55,09:55,23:45,0.0000,0.0000,0.0000,0.0000,0.0013,0.8878,0.1108,0.0000,8.0000
GMKN,2024-03,21,09:55,09:55,23:45,0.0000,0.0000,0.0000,0.0000,0.0008,0.9077,0.0921,0.0000,10.0000
GMKN,2024-04,18,09:55,09:55,23:45,0.0000,0.0000,0.0000,0.0000,0.0016,0.9144,0.0831,0.0000,6.0000
GMKN,2024-05,23,09:55,09:55,23:45,0.0000,0.0000,0.0000,0.0000,0.0005,0.9135,0.0859,0.0000,8.0000
GMKN,2024-06,20,09:55,09:55,23:45,0.0000,0.0000,0.0000,0.0000,0.0004,0.9168,0.0831,0.0000,10.0000
GMKN,2024-07,23,09:55,09:55,23:45,0.0000,0.0000,0.0000,0.0000,0.0009,0.8846,0.1145,0.0000,8.0000
GMKN,2024-08,22,07:00,07:00,23:45,0.5909,0.0000,0.0004,0.0003,0.0007,0.8976,0.1005,0.0008,9.0000
GMKN,2024-09,21,07:00,07:00,23:45,1.0000,0.0000,0.0012,0.0005,0.0005,0.8868,0.1102,0.0020,9.0000
GMKN,2024-10,23,07:00,07:00,23:45,1.0000,0.0000,0.0012,0.0004,0.0004,0.8951,0.1021,0.0020,8.0000
GMKN,2024-11,21,07:00,07:00,23:45,1.0000,0.0000,0.0011,0.0006,0.0005,0.8309,0.1625,0.0021,9.0000
GMKN,2024-12,22,07:00,07:00,23:45,1.0000,0.0000,0.0014,0.0007,0.0006,0.8905,0.1072,0.0021,9.0000
GMKN,2025-01,22,07:00,06:55,23:45,1.0000,0.0000,0.0022,0.0015,0.0017,0.8678,0.1145,0.0034,8.0000
GMKN,2025-02,20,06:55,06:55,23:45,1.0000,0.0002,0.0373,0.0240,0.0055,0.7569,0.1356,0.0654,8.0000
GMKN,2025-03,21,06:55,06:55,23:45,1.0000,0.0002,0.0459,0.0217,0.0046,0.7750,0.1523,0.0827,10.0000
GMKN,2025-04,22,06:55,06:55,23:45,1.0000,0.0006,0.0501,0.0315,0.0067,0.7082,0.1855,0.0927,8.0000
GMKN,2025-05,22,06:55,06:55,23:45,1.0000,0.0005,0.0637,0.0382,0.0081,0.6992,0.1502,0.1079,9.0000
GMKN,2025-06,21,06:55,06:55,23:45,1.0000,0.0003,0.0451,0.0331,0.0049,0.7670,0.1403,0.0824,9.0000
GMKN,2025-07,23,06:55,06:55,23:45,1.0000,0.0002,0.0455,0.0320,0.0047,0.7456,0.1348,0.0760,8.0000
GMKN,2025-08,21,06:55,06:55,23:45,1.0000,0.0002,0.0568,0.0310,0.0056,0.7100,0.1718,0.0896,10.0000
GMKN,2025-09,22,06:55,06:55,23:45,1.0000,0.0001,0.0451,0.0249,0.0062,0.7592,0.1600,0.0698,8.0000
GMKN,2025-10,23,06:55,06:55,23:45,1.0000,0.0001,0.0407,0.0298,0.0073,0.8065,0.1080,0.0643,8.0000
GMKN,2025-11,20,06:55,06:55,23:45,1.0000,0.0002,0.0407,0.0326,0.0061,0.7683,0.1039,0.0944,10.0000
GMKN,2025-12,23,06:55,06:55,23:45,1.0000,0.0007,0.0537,0.0271,0.0036,0.7530,0.1275,0.0860,8.0000
GMKN,2026-01,21,06:55,06:55,23:45,1.0000,0.0013,0.0621,0.0551,0.0074,0.6863,0.1494,0.1520,9.0000
GMKN,2026-02,20,06:55,06:55,23:45,1.0000,0.0013,0.0674,0.0335,0.0078,0.7568,0.1129,0.1224,8.0000
GMKN,2026-03,22,06:55,06:55,23:45,1.0000,0.0006,0.0524,0.0341,0.0081,0.8021,0.0915,0.0837,9.0000
GMKN,2026-04,22,06:55,06:55,23:45,1.0000,0.0002,0.0538,0.0319,0.0056,0.7683,0.0992,0.0895,8.0000
GMKN,2026-05,21,06:55,06:55,23:45,1.0000,0.0001,0.0445,0.0413,0.0088,0.7765,0.1085,0.0813,10.0000
GMKN,2026-06,22,06:55,06:55,23:45,1.0000,0.0003,0.0338,0.0332,0.0070,0.7922,0.0894,0.0784,8.0000
GMKN,2026-07,23,06:55,06:55,23:45,1.0000,0.0002,0.0465,0.0426,0.0106,0.7771,0.1018,0.0984,8.0000
GMKN,2026-08,21,06:55,06:55,23:45,1.0000,0.0003,0.0657,0.0198,0.0061,0.7738,0.0925,0.0864,10.0000
GMKN,2026-09,9,06:55,06:55,23:45,1.0000,0.0004,0.0643,0.0346,0.0077,0.7453,0.1293,0.1237,2.0000
LKOH,2022-01,20,06:55,06:55,23:45,1.0000,0.0000,0.0331,0.0125,0.0027,0.8536,0.0817,0.0500,0.0000
LKOH,2022-02,18,06:55,06:55,23:45,0.9444,0.0001,0.0323,0.0130,0.0042,0.8245,0.1077,0.0478,0.0000
LKOH,2022-03,6,09:55,09:55,13:45,0.0000,0.0000,0.0000,0.0000,0.0070,0.9930,0.0000,0.0000,0.0000
LKOH,2022-04,21,09:55,09:55,18:45,0.0000,0.0000,0.0000,0.0000,0.0011,0.9989,0.0000,0.0000,0.0000
LKOH,2022-05,18,09:55,09:55,18:45,0.0000,0.0000,0.0000,0.0000,0.0011,0.9989,0.0000,0.0000,0.0000
LKOH,2022-06,22,09:55,09:55,18:45,0.0000,0.0000,0.0000,0.0000,0.0011,0.9989,0.0000,0.0000,8.0000
LKOH,2022-07,21,09:55,09:55,18:45,0.0000,0.0000,0.0000,0.0000,0.0007,0.9993,0.0000,0.0000,10.0000
LKOH,2022-08,23,09:55,09:55,18:45,0.0000,0.0000,0.0000,0.0000,0.0014,0.9986,0.0000,0.0000,8.0000
LKOH,2022-09,22,09:55,09:55,23:45,0.0000,0.0000,0.0000,0.0000,0.0006,0.9757,0.0240,0.0000,6.0000
LKOH,2022-10,21,09:55,09:55,23:45,0.0000,0.0000,0.0000,0.0000,0.0015,0.9220,0.0766,0.0000,6.0000
LKOH,2022-11,22,09:55,09:55,23:45,0.0000,0.0000,0.0000,0.0000,0.0021,0.8844,0.1132,0.0000,8.0000
LKOH,2022-12,22,09:55,09:55,23:45,0.0000,0.0000,0.0000,0.0000,0.0017,0.8902,0.1086,0.0000,9.0000
LKOH,2023-01,22,09:55,09:55,23:45,0.0000,0.0000,0.0000,0.0000,0.0020,0.8866,0.1085,0.0000,9.0000
LKOH,2023-02,20,09:55,09:55,23:45,0.0000,0.0000,0.0000,0.0000,0.0015,0.9105,0.0834,0.0000,8.0000
LKOH,2023-03,23,09:55,09:55,23:45,0.0000,0.0000,0.0000,0.0000,0.0017,0.9025,0.0951,0.0000,8.0000
LKOH,2023-04,20,09:55,09:55,23:45,0.0000,0.0000,0.0000,0.0000,0.0012,0.9033,0.0921,0.0000,9.0000
LKOH,2023-05,23,09:55,09:55,23:45,0.0000,0.0000,0.0000,0.0000,0.0025,0.8642,0.1268,0.0000,8.0000
LKOH,2023-06,22,09:55,09:55,23:45,0.0000,0.0000,0.0000,0.0000,0.0020,0.8926,0.1020,0.0000,7.0000
LKOH,2023-07,21,09:55,09:55,23:45,0.0000,0.0000,0.0000,0.0000,0.0016,0.8869,0.1111,0.0000,10.0000
LKOH,2023-08,23,09:55,09:55,23:45,0.0000,0.0000,0.0000,0.0000,0.0019,0.8629,0.1353,0.0000,8.0000
LKOH,2023-09,21,09:55,09:55,23:45,0.0000,0.0000,0.0000,0.0000,0.0022,0.9067,0.0891,0.0000,9.0000
LKOH,2023-10,22,09:55,09:55,23:45,0.0000,0.0000,0.0000,0.0000,0.0027,0.8753,0.1160,0.0000,9.0000
LKOH,2023-11,22,09:55,09:55,23:45,0.0000,0.0000,0.0000,0.0000,0.0019,0.8749,0.1227,0.0000,8.0000
LKOH,2023-12,21,09:55,09:55,23:45,0.0000,0.0000,0.0000,0.0000,0.0022,0.8638,0.1321,0.0000,10.0000
LKOH,2024-01,22,09:55,09:55,23:45,0.0000,0.0000,0.0000,0.0000,0.0016,0.8874,0.1097,0.0000,8.0000
LKOH,2024-02,21,09:55,09:55,23:45,0.0000,0.0000,0.0000,0.0000,0.0014,0.8947,0.1031,0.0000,8.0000
LKOH,2024-03,21,09:55,09:55,23:45,0.0000,0.0000,0.0000,0.0000,0.0012,0.9012,0.0971,0.0000,10.0000
LKOH,2024-04,22,09:55,09:55,23:45,0.0000,0.0000,0.0000,0.0000,0.0016,0.8785,0.1134,0.0000,8.0000
LKOH,2024-05,23,09:55,09:55,23:45,0.0000,0.0000,0.0000,0.0000,0.0021,0.8706,0.1257,0.0000,8.0000
LKOH,2024-06,20,09:55,09:55,23:45,0.0000,0.0000,0.0000,0.0000,0.0009,0.9042,0.0910,0.0000,10.0000
LKOH,2024-07,23,09:55,09:55,23:45,0.0000,0.0000,0.0000,0.0000,0.0008,0.9009,0.0967,0.0000,8.0000
LKOH,2024-08,22,07:00,07:00,23:45,0.9091,0.0000,0.0021,0.0012,0.0009,0.8869,0.1072,0.0040,9.0000
LKOH,2024-09,21,07:00,07:00,23:45,1.0000,0.0000,0.0020,0.0009,0.0011,0.8836,0.1134,0.0033,9.0000
LKOH,2024-10,23,07:00,07:00,23:45,1.0000,0.0000,0.0016,0.0006,0.0006,0.9022,0.0948,0.0021,8.0000
LKOH,2024-11,21,07:00,07:00,23:45,1.0000,0.0000,0.0020,0.0010,0.0010,0.8919,0.1028,0.0031,9.0000
LKOH,2024-12,22,07:00,07:00,23:45,1.0000,0.0000,0.0014,0.0007,0.0004,0.9086,0.0861,0.0023,9.0000
LKOH,2025-01,22,07:00,06:55,23:45,1.0000,0.0000,0.0037,0.0017,0.0033,0.8618,0.1151,0.0057,8.0000
LKOH,2025-02,20,06:55,06:55,23:45,1.0000,0.0002,0.0244,0.0272,0.0038,0.7957,0.1429,0.0477,8.0000
LKOH,2025-03,21,06:55,06:55,23:45,1.0000,0.0002,0.0321,0.0215,0.0041,0.7615,0.1385,0.0543,10.0000
LKOH,2025-04,22,06:55,06:55,23:45,1.0000,0.0003,0.0500,0.0286,0.0077,0.7168,0.1797,0.0879,8.0000
LKOH,2025-05,22,06:55,06:55,23:45,1.0000,0.0007,0.0535,0.0406,0.0084,0.7285,0.1199,0.1127,9.0000
LKOH,2025-06,21,06:55,06:55,23:45,1.0000,0.0009,0.0522,0.0235,0.0054,0.7753,0.1153,0.0826,9.0000
LKOH,2025-07,23,06:55,06:55,23:45,1.0000,0.0002,0.0504,0.0298,0.0045,0.7866,0.1004,0.0822,8.0000
LKOH,2025-08,21,06:55,06:55,23:45,1.0000,0.0002,0.0389,0.0295,0.0052,0.7925,0.1655,0.0759,10.0000
LKOH,2025-09,22,06:55,06:55,23:45,1.0000,0.0002,0.0371,0.0252,0.0050,0.8017,0.1163,0.0648,8.0000
LKOH,2025-10,23,06:55,06:55,23:45,1.0000,0.0003,0.0426,0.0355,0.0056,0.7516,0.1418,0.0891,8.0000
LKOH,2025-11,20,06:55,06:55,23:45,1.0000,0.0005,0.0539,0.0254,0.0075,0.7157,0.1721,0.0875,10.0000
LKOH,2025-12,23,06:55,06:55,23:45,1.0000,0.0004,0.0467,0.0334,0.0042,0.7430,0.1289,0.0913,8.0000
LKOH,2026-01,21,06:55,06:55,23:45,0.9524,0.0004,0.0328,0.0391,0.0088,0.7292,0.1417,0.0985,9.0000
LKOH,2026-02,20,06:55,06:55,23:45,1.0000,0.0003,0.0412,0.0328,0.0042,0.7870,0.1192,0.0759,8.0000
LKOH,2026-03,22,06:55,06:55,23:45,1.0000,0.0015,0.0671,0.0421,0.0089,0.7310,0.1253,0.1203,9.0000
LKOH,2026-04,22,06:55,06:55,23:45,1.0000,0.0004,0.0479,0.0406,0.0052,0.7376,0.1300,0.0990,8.0000
LKOH,2026-05,21,06:55,06:55,23:45,1.0000,0.0003,0.0449,0.0334,0.0071,0.7949,0.1118,0.0869,10.0000
LKOH,2026-06,22,06:55,06:55,23:45,1.0000,0.0002,0.0416,0.0346,0.0048,0.8063,0.0964,0.0811,8.0000
LKOH,2026-07,23,06:55,06:55,23:45,1.0000,0.0001,0.0640,0.0499,0.0088,0.7536,0.1118,0.1203,8.0000
LKOH,2026-08,21,06:55,06:55,23:45,1.0000,0.0003,0.0696,0.0253,0.0050,0.7823,0.0984,0.0909,10.0000
LKOH,2026-09,9,06:55,06:55,23:45,1.0000,0.0004,0.1004,0.0285,0.0046,0.6867,0.1384,0.1223,2.0000
MX,2022-01,21,07:00,07:00,23:45,1.0000,0.0000,0.0718,0.0217,0.0040,0.7540,0.1234,0.0935,0.0000
MX,2022-02,19,07:00,07:00,23:45,0.9474,0.0000,0.0635,0.0249,0.0063,0.7102,0.1486,0.0900,0.0000
MX,2022-03,6,10:00,10:00,13:55,0.0000,0.0000,0.0000,0.0000,0.0000,1.0000,0.0000,0.0000,0.0000
MX,2022-04,21,10:00,10:00,18:40,0.0000,0.0000,0.0000,0.0000,0.0000,1.0000,0.0000,0.0000,0.0000
MX,2022-05,18,10:00,10:00,18:40,0.0000,0.0000,0.0000,0.0000,0.0000,1.0000,0.0000,0.0000,0.0000
MX,2022-06,21,10:00,10:00,18:45,0.0000,0.0000,0.0000,0.0000,0.0000,1.0000,0.0000,0.0000,0.0000
MX,2022-07,21,10:00,10:00,23:45,0.0000,0.0000,0.0000,0.0000,0.0000,0.9686,0.0314,0.0000,0.0000
MX,2022-08,23,10:00,10:00,23:45,0.0000,0.0000,0.0000,0.0000,0.0000,0.9449,0.0551,0.0000,0.0000
MX,2022-09,22,09:00,09:00,23:45,0.6818,0.0000,0.0000,0.0248,0.0049,0.9073,0.0506,0.0248,0.0000
MX,2022-10,21,09:00,09:00,23:45,1.0000,0.0000,0.0000,0.0494,0.0091,0.8744,0.0603,0.0494,0.0000
MX,2022-11,21,09:00,09:00,23:45,1.0000,0.0000,0.0000,0.0548,0.0122,0.8089,0.0784,0.0548,0.0000
MX,2022-12,22,09:00,09:00,23:45,1.0000,0.0000,0.0000,0.0478,0.0070,0.8569,0.0734,0.0478,0.0000
MX,2023-01,21,09:00,09:00,23:45,1.0000,0.0000,0.0000,0.0494,0.0097,0.8440,0.0862,0.0494,0.0000
MX,2023-02,19,09:00,09:00,23:45,1.0000,0.0000,0.0000,0.0518,0.0094,0.8618,0.0674,0.0518,0.0000
MX,2023-03,22,09:00,09:00,23:45,1.0000,0.0000,0.0000,0.0547,0.0099,0.8599,0.0714,0.0547,0.0000
MX,2023-04,20,09:00,09:00,23:45,1.0000,0.0000,0.0000,0.0502,0.0088,0.8684,0.0708,0.0502,0.0000
MX,2023-05,21,09:00,09:00,23:45,1.0000,0.0000,0.0000,0.0525,0.0072,0.8497,0.0826,0.0525,0.0000
MX,2023-06,21,09:00,09:00,23:45,1.0000,0.0000,0.0000,0.0410,0.0085,0.8863,0.0605,0.0410,0.0000
MX,2023-07,21,08:55,08:55,23:45,1.0000,0.0000,0.0001,0.0812,0.0106,0.8244,0.0945,0.0812,0.0000
MX,2023-08,23,08:55,08:55,23:45,1.0000,0.0000,0.0002,0.0491,0.0089,0.8565,0.0788,0.0493,0.0000
MX,2023-09,21,09:00,08:55,23:45,1.0000,0.0000,0.0000,0.0390,0.0074,0.8896,0.0646,0.0393,0.0000
MX,2023-10,22,09:00,09:00,23:45,1.0000,0.0000,0.0000,0.0468,0.0085,0.8577,0.0866,0.0468,0.0000
MX,2023-11,22,08:55,08:55,23:45,1.0000,0.0000,0.0003,0.0386,0.0078,0.8622,0.0786,0.0391,0.0000
MX,2023-12,21,08:55,08:55,23:45,1.0000,0.0000,0.0001,0.0344,0.0075,0.8701,0.0789,0.0346,0.0000
MX,2024-01,21,08:55,08:55,23:45,1.0000,0.0000,0.0002,0.0422,0.0077,0.8736,0.0829,0.0424,0.0000
MX,2024-02,20,08:55,08:55,23:45,1.0000,0.0000,0.0001,0.0358,0.0083,0.8584,0.0799,0.0362,0.0000
MX,2024-03,20,08:55,08:55,23:45,1.0000,0.0000,0.0001,0.0365,0.0073,0.8655,0.0716,0.0366,0.0000
MX,2024-04,22,08:55,08:55,23:45,1.0000,0.0000,0.0001,0.0383,0.0073,0.8711,0.0808,0.0383,1.0000
MX,2024-05,21,08:55,08:55,23:45,1.0000,0.0000,0.0001,0.0257,0.0045,0.8882,0.0713,0.0257,0.0000
MX,2024-06,19,09:55,08:55,23:45,0.3684,0.0000,0.0000,0.0000,0.0005,0.9301,0.0598,0.0000,0.0000
MX,2024-07,23,09:55,09:55,23:45,0.0000,0.0000,0.0000,0.0000,0.0002,0.9194,0.0802,0.0000,0.0000
MX,2024-08,22,09:55,09:55,23:45,0.0000,0.0000,0.0000,0.0000,0.0005,0.8971,0.1024,0.0000,0.0000
MX,2024-09,21,09:55,09:55,23:45,0.0000,0.0000,0.0000,0.0000,0.0004,0.9135,0.0861,0.0000,0.0000
MX,2024-10,23,09:55,09:55,23:45,0.0000,0.0000,0.0000,0.0000,0.0003,0.9121,0.0878,0.0000,0.0000
MX,2024-11,20,09:55,09:55,23:45,0.0000,0.0000,0.0000,0.0000,0.0006,0.8557,0.1439,0.0000,1.0000
MX,2024-12,21,09:55,09:55,23:45,0.0000,0.0000,0.0000,0.0000,0.0007,0.8883,0.1116,0.0000,1.0000
MX,2025-01,20,09:55,08:55,23:45,0.2500,0.0000,0.0000,0.0000,0.0015,0.8693,0.1121,0.0000,0.0000
MX,2025-02,20,08:55,08:55,23:45,1.0000,0.0000,0.0005,0.0448,0.0078,0.7445,0.1844,0.0456,0.0000
MX,2025-03,21,08:55,08:55,23:45,1.0000,0.0000,0.0013,0.0523,0.0048,0.7342,0.2079,0.0538,0.0000
MX,2025-04,22,08:55,08:55,23:45,1.0000,0.0000,0.0007,0.0444,0.0078,0.7243,0.1978,0.0455,0.0000
MX,2025-05,20,08:55,08:55,23:45,1.0000,0.0000,0.0011,0.0667,0.0088,0.7652,0.1450,0.0676,0.0000
MX,2025-06,20,08:55,08:55,23:45,1.0000,0.0000,0.0007,0.0523,0.0073,0.7861,0.1522,0.0531,0.0000
MX,2025-07,23,08:55,08:55,23:45,1.0000,0.0000,0.0009,0.0532,0.0065,0.7779,0.1462,0.0542,0.0000
MX,2025-08,21,08:55,08:55,23:45,1.0000,0.0000,0.0005,0.0607,0.0058,0.7529,0.1842,0.0628,6.0000
MX,2025-09,22,08:55,08:55,23:45,1.0000,0.0000,0.0005,0.0486,0.0077,0.7702,0.1699,0.0492,6.0000
MX,2025-10,23,08:55,08:55,23:45,1.0000,0.0000,0.0004,0.0513,0.0076,0.7979,0.1203,0.0547,6.0000
MX,2025-11,19,08:55,08:55,23:45,1.0000,0.0000,0.0008,0.0548,0.0057,0.7849,0.1502,0.0560,7.0000
MX,2025-12,22,08:55,08:55,23:45,1.0000,0.0000,0.0006,0.0496,0.0048,0.7751,0.1361,0.0500,6.0000
MX,2026-01,19,08:55,08:55,23:45,1.0000,0.0000,0.0006,0.0706,0.0104,0.7662,0.1510,0.0711,5.0000
MX,2026-02,20,08:55,08:55,23:45,0.9500,0.0000,0.0004,0.0473,0.0073,0.8058,0.1215,0.0483,6.0000
MX,2026-03,22,08:55,08:55,23:45,1.0000,0.0000,0.0003,0.0532,0.0117,0.8127,0.1267,0.0540,5.0000
MX,2026-04,22,08:55,08:55,23:45,1.0000,0.0000,0.0003,0.0415,0.0065,0.8258,0.1061,0.0419,8.0000
MX,2026-05,21,08:55,08:55,23:45,0.9524,0.0000,0.0003,0.0558,0.0090,0.8102,0.0972,0.0561,8.0000
MX,2026-06,22,08:55,08:55,23:45,0.9545,0.0000,0.0002,0.0541,0.0062,0.8422,0.0922,0.0545,6.0000
MX,2026-07,23,06:55,06:55,23:45,1.0000,0.0000,0.0445,0.0508,0.0099,0.8115,0.0880,0.0915,8.0000
MX,2026-08,21,06:55,06:55,23:45,1.0000,0.0001,0.0739,0.0311,0.0056,0.7518,0.1162,0.1157,6.0000
MX,2026-09,9,06:55,06:55,23:45,1.0000,0.0002,0.0634,0.0311,0.0051,0.7013,0.1253,0.0871,2.0000
NG,2022-01,21,07:00,07:00,23:45,1.0000,0.0000,0.0386,0.0237,0.0065,0.5592,0.3397,0.0715,0.0000
NG,2022-02,19,07:00,07:00,23:45,0.9474,0.0000,0.0382,0.0229,0.0100,0.6155,0.3147,0.0663,0.0000
NG,2022-03,20,10:00,10:00,18:40,0.0000,0.0000,0.0000,0.0000,0.0000,1.0000,0.0000,0.0000,0.0000
NG,2022-04,21,10:00,10:00,18:40,0.0000,0.0000,0.0000,0.0000,0.0000,1.0000,0.0000,0.0000,0.0000
NG,2022-05,18,10:00,10:00,18:40,0.0000,0.0000,0.0000,0.0000,0.0000,1.0000,0.0000,0.0000,0.0000
NG,2022-06,21,10:00,10:00,18:45,0.0000,0.0000,0.0000,0.0000,0.0000,1.0000,0.0000,0.0000,0.0000
NG,2022-07,21,10:00,10:00,23:45,0.0000,0.0000,0.0000,0.0000,0.0000,0.8358,0.1642,0.0000,0.0000
NG,2022-08,23,10:00,10:00,23:45,0.0000,0.0000,0.0000,0.0000,0.0000,0.7491,0.2509,0.0000,0.0000
NG,2022-09,22,09:00,09:00,23:45,0.6818,0.0000,0.0000,0.0203,0.0034,0.7311,0.2350,0.0203,0.0000
NG,2022-10,21,09:00,09:00,23:45,1.0000,0.0000,0.0000,0.0420,0.0046,0.7154,0.2381,0.0420,0.0000
NG,2022-11,21,09:00,09:00,23:45,1.0000,0.0000,0.0000,0.0411,0.0061,0.6356,0.3040,0.0411,0.0000
NG,2022-12,22,09:00,09:00,23:45,1.0000,0.0000,0.0000,0.0548,0.0093,0.5939,0.3243,0.0548,0.0000
NG,2023-01,21,09:00,09:00,23:45,1.0000,0.0000,0.0000,0.0527,0.0095,0.6239,0.3246,0.0527,0.0000
NG,2023-02,19,09:00,09:00,23:45,1.0000,0.0000,0.0000,0.0434,0.0079,0.6070,0.3443,0.0434,0.0000
NG,2023-03,22,09:00,09:00,23:45,1.0000,0.0000,0.0000,0.0378,0.0064,0.6466,0.2879,0.0378,0.0000
NG,2023-04,20,09:00,09:00,23:45,1.0000,0.0000,0.0000,0.0336,0.0049,0.7228,0.2074,0.0336,0.0000
NG,2023-05,21,09:00,09:00,23:45,1.0000,0.0000,0.0000,0.0372,0.0037,0.7086,0.2433,0.0372,0.0000
NG,2023-06,21,09:00,09:00,23:45,1.0000,0.0000,0.0000,0.0367,0.0036,0.7621,0.1904,0.0367,0.0000
NG,2023-07,21,08:55,08:55,23:45,1.0000,0.0000,0.0001,0.0233,0.0039,0.7527,0.2171,0.0234,0.0000
NG,2023-08,23,08:55,08:55,23:45,1.0000,0.0000,0.0004,0.0293,0.0041,0.7658,0.1853,0.0298,0.0000
NG,2023-09,21,09:00,08:55,23:45,1.0000,0.0000,0.0000,0.0354,0.0045,0.7537,0.1831,0.0354,0.0000
NG,2023-10,22,09:00,09:00,23:45,1.0000,0.0000,0.0000,0.0387,0.0039,0.7296,0.2151,0.0387,0.0000
NG,2023-11,22,08:55,08:55,23:45,1.0000,0.0000,0.0006,0.0355,0.0061,0.6756,0.2516,0.0362,0.0000
NG,2023-12,21,08:55,08:55,23:45,1.0000,0.0000,0.0005,0.0378,0.0068,0.6307,0.3382,0.0380,0.0000
NG,2024-01,21,08:55,08:55,23:45,1.0000,0.0000,0.0008,0.0342,0.0060,0.6095,0.3377,0.0353,0.0000
NG,2024-02,20,08:55,08:55,23:45,1.0000,0.0000,0.0003,0.0258,0.0030,0.6363,0.3262,0.0260,0.0000
NG,2024-03,20,08:55,08:55,23:45,1.0000,0.0000,0.0005,0.0239,0.0032,0.6886,0.2680,0.0246,0.0000
NG,2024-04,22,08:55,08:55,23:45,1.0000,0.0000,0.0005,0.0359,0.0036,0.6882,0.2478,0.0366,1.0000
NG,2024-05,21,08:55,08:55,23:45,1.0000,0.0000,0.0003,0.0236,0.0032,0.7499,0.2090,0.0238,0.0000
NG,2024-06,19,09:55,08:55,23:45,0.3684,0.0000,0.0000,0.0000,0.0012,0.7722,0.2229,0.0000,0.0000
NG,2024-07,23,09:55,09:55,23:45,0.0000,0.0000,0.0000,0.0000,0.0003,0.7665,0.2332,0.0000,0.0000
NG,2024-08,22,09:55,09:55,23:45,0.0000,0.0000,0.0000,0.0000,0.0004,0.7703,0.2292,0.0000,0.0000
NG,2024-09,21,09:55,09:55,23:45,0.0000,0.0000,0.0000,0.0000,0.0003,0.7629,0.2353,0.0000,0.0000
NG,2024-10,23,09:55,09:55,23:45,0.0000,0.0000,0.0000,0.0000,0.0002,0.7621,0.2331,0.0000,0.0000
NG,2024-11,20,09:55,09:55,23:45,0.0000,0.0000,0.0000,0.0000,0.0008,0.6302,0.3682,0.0000,1.0000
NG,2024-12,21,09:55,09:55,23:45,0.0000,0.0000,0.0000,0.0000,0.0005,0.6164,0.3828,0.0000,1.0000
NG,2025-01,20,09:55,08:55,23:45,0.2500,0.0000,0.0000,0.0000,0.0016,0.5920,0.3625,0.0000,0.0000
NG,2025-02,20,08:55,08:55,23:45,1.0000,0.0000,0.0007,0.0431,0.0036,0.5760,0.3698,0.0439,0.0000
NG,2025-03,21,08:55,08:55,23:45,1.0000,0.0000,0.0004,0.0336,0.0028,0.6475,0.3102,0.0337,0.0000
NG,2025-04,22,08:55,08:55,23:45,1.0000,0.0000,0.0003,0.0214,0.0023,0.6866,0.2813,0.0216,0.0000
NG,2025-05,20,08:55,08:55,23:45,1.0000,0.0000,0.0005,0.0234,0.0028,0.7372,0.2301,0.0238,0.0000
NG,2025-06,20,08:55,08:55,23:45,1.0000,0.0000,0.0006,0.0382,0.0030,0.6947,0.2573,0.0388,0.0000
NG,2025-07,23,08:55,08:55,23:45,1.0000,0.0000,0.0004,0.0472,0.0040,0.7140,0.2125,0.0472,0.0000
NG,2025-08,21,08:55,08:55,23:45,1.0000,0.0000,0.0004,0.0353,0.0037,0.7137,0.2209,0.0354,6.0000
NG,2025-09,22,08:55,08:55,23:45,1.0000,0.0000,0.0003,0.0301,0.0035,0.7420,0.2197,0.0302,6.0000
NG,2025-10,23,08:55,08:55,23:45,1.0000,0.0000,0.0007,0.0409,0.0045,0.6816,0.2661,0.0414,6.0000
NG,2025-11,19,08:55,08:55,23:45,1.0000,0.0000,0.0003,0.0580,0.0031,0.5771,0.3570,0.0584,7.0000
NG,2025-12,22,08:55,08:55,23:45,1.0000,0.0000,0.0004,0.0564,0.0064,0.5903,0.3458,0.0567,6.0000
NG,2026-01,19,08:55,08:55,23:45,1.0000,0.0000,0.0004,0.0366,0.0038,0.6158,0.3451,0.0367,5.0000
NG,2026-02,20,08:55,08:55,23:45,0.9500,0.0000,0.0003,0.0412,0.0041,0.6308,0.3146,0.0413,6.0000
NG,2026-03,22,08:55,08:55,23:45,1.0000,0.0000,0.0004,0.0438,0.0045,0.6668,0.2751,0.0448,5.0000
NG,2026-04,22,08:55,08:55,23:45,1.0000,0.0000,0.0003,0.0378,0.0042,0.7231,0.2421,0.0382,8.0000
NG,2026-05,21,08:55,08:55,23:45,0.9524,0.0000,0.0001,0.0246,0.0024,0.7251,0.2345,0.0247,8.0000
NG,2026-06,22,08:55,08:55,23:45,0.9545,0.0000,0.0001,0.0371,0.0056,0.7434,0.2120,0.0373,6.0000
NG,2026-07,23,06:55,06:55,23:45,1.0000,0.0000,0.0192,0.0363,0.0052,0.7343,0.1955,0.0542,8.0000
NG,2026-08,21,06:55,06:55,23:45,1.0000,0.0001,0.0301,0.0386,0.0052,0.7201,0.1916,0.0691,6.0000
NG,2026-09,9,06:55,06:55,23:45,1.0000,0.0001,0.0247,0.0307,0.0038,0.6666,0.2373,0.0610,2.0000
NLMK,2022-01,20,06:55,06:55,23:45,1.0000,0.0000,0.0380,0.0135,0.0032,0.8388,0.0928,0.0533,0.0000
NLMK,2022-02,18,06:55,06:55,23:45,0.9444,0.0001,0.0417,0.0136,0.0039,0.8511,0.0939,0.0563,0.0000
NLMK,2022-03,6,09:55,09:55,13:45,0.0000,0.0000,0.0000,0.0000,0.0038,0.9962,0.0000,0.0000,0.0000
NLMK,2022-04,21,09:55,09:55,18:45,0.0000,0.0000,0.0000,0.0000,0.0015,0.9985,0.0000,0.0000,0.0000
NLMK,2022-05,18,09:55,09:55,18:45,0.0000,0.0000,0.0000,0.0000,0.0013,0.9987,0.0000,0.0000,0.0000
NLMK,2022-06,22,09:55,09:55,18:45,0.0000,0.0000,0.0000,0.0000,0.0020,0.9980,0.0000,0.0000,6.0000
NLMK,2022-07,21,09:55,09:55,18:45,0.0000,0.0000,0.0000,0.0000,0.0009,0.9991,0.0000,0.0000,10.0000
NLMK,2022-08,23,09:55,09:55,18:45,0.0000,0.0000,0.0000,0.0000,0.0016,0.9984,0.0000,0.0000,8.0000
NLMK,2022-09,22,09:55,09:55,23:45,0.0000,0.0000,0.0000,0.0000,0.0017,0.9572,0.0412,0.0000,6.0000
NLMK,2022-10,21,09:55,09:55,23:45,0.0000,0.0000,0.0000,0.0000,0.0012,0.9281,0.0713,0.0000,6.0000
NLMK,2022-11,22,09:55,09:55,23:45,0.0000,0.0000,0.0000,0.0000,0.0012,0.8795,0.1188,0.0000,8.0000
NLMK,2022-12,22,09:55,09:55,23:45,0.0000,0.0000,0.0000,0.0000,0.0007,0.9145,0.0840,0.0000,9.0000
NLMK,2023-01,22,09:55,09:55,23:45,0.0000,0.0000,0.0000,0.0000,0.0015,0.8916,0.1069,0.0000,9.0000
NLMK,2023-02,20,09:55,09:55,23:45,0.0000,0.0000,0.0000,0.0000,0.0014,0.8776,0.1210,0.0000,8.0000
NLMK,2023-03,23,09:55,09:55,23:45,0.0000,0.0000,0.0000,0.0000,0.0012,0.8907,0.1074,0.0000,8.0000
NLMK,2023-04,20,09:55,09:55,23:45,0.0000,0.0000,0.0000,0.0000,0.0010,0.8746,0.1244,0.0000,9.0000
NLMK,2023-05,23,09:55,09:55,23:45,0.0000,0.0000,0.0000,0.0000,0.0011,0.8838,0.1151,0.0000,8.0000
NLMK,2023-06,22,09:55,09:55,23:45,0.0000,0.0000,0.0000,0.0000,0.0017,0.8839,0.1120,0.0000,7.0000
NLMK,2023-07,21,09:55,09:55,23:45,0.0000,0.0000,0.0000,0.0000,0.0012,0.8937,0.1034,0.0000,10.0000
NLMK,2023-08,23,09:55,09:55,23:45,0.0000,0.0000,0.0000,0.0000,0.0011,0.8801,0.1187,0.0000,8.0000
NLMK,2023-09,21,09:55,09:55,23:45,0.0000,0.0000,0.0000,0.0000,0.0013,0.8910,0.1063,0.0000,9.0000
NLMK,2023-10,22,09:55,09:55,23:45,0.0000,0.0000,0.0000,0.0000,0.0012,0.8990,0.0998,0.0000,9.0000
NLMK,2023-11,22,09:55,09:55,23:45,0.0000,0.0000,0.0000,0.0000,0.0012,0.8878,0.1108,0.0000,8.0000
NLMK,2023-12,21,09:55,09:55,23:45,0.0000,0.0000,0.0000,0.0000,0.0015,0.8753,0.1211,0.0000,10.0000
NLMK,2024-01,22,09:55,09:55,23:45,0.0000,0.0000,0.0000,0.0000,0.0011,0.9145,0.0846,0.0000,8.0000
NLMK,2024-02,21,09:55,09:55,23:45,0.0000,0.0000,0.0000,0.0000,0.0011,0.8975,0.1014,0.0000,8.0000
NLMK,2024-03,21,09:55,09:55,23:45,0.0000,0.0000,0.0000,0.0000,0.0019,0.8987,0.1001,0.0000,10.0000
NLMK,2024-04,22,09:55,09:55,23:45,0.0000,0.0000,0.0000,0.0000,0.0010,0.8725,0.1226,0.0000,8.0000
NLMK,2024-05,23,09:55,09:55,23:45,0.0000,0.0000,0.0000,0.0000,0.0022,0.8396,0.1582,0.0000,6.0000
NLMK,2024-06,20,09:55,09:55,23:45,0.0000,0.0000,0.0000,0.0000,0.0010,0.8757,0.1218,0.0000,10.0000
NLMK,2024-07,23,09:55,09:55,23:45,0.0000,0.0000,0.0000,0.0000,0.0009,0.8873,0.1088,0.0000,8.0000
NLMK,2024-08,22,07:00,07:00,23:45,0.5909,0.0000,0.0010,0.0002,0.0009,0.8718,0.1246,0.0012,9.0000
NLMK,2024-09,21,07:00,07:00,23:45,1.0000,0.0000,0.0013,0.0007,0.0010,0.8810,0.1164,0.0021,9.0000
NLMK,2024-10,23,07:00,07:00,23:45,1.0000,0.0000,0.0012,0.0005,0.0006,0.8790,0.1191,0.0018,8.0000
NLMK,2024-11,21,07:00,07:00,23:45,1.0000,0.0000,0.0012,0.0010,0.0008,0.8383,0.1561,0.0021,9.0000
NLMK,2024-12,22,07:00,07:00,23:45,1.0000,0.0000,0.0012,0.0006,0.0009,0.8753,0.1225,0.0018,9.0000
NLMK,2025-01,22,07:00,06:55,23:45,1.0000,0.0000,0.0025,0.0010,0.0013,0.8551,0.1173,0.0031,8.0000
NLMK,2025-02,20,06:55,06:55,23:45,1.0000,0.0001,0.0432,0.0242,0.0064,0.7202,0.1527,0.0706,8.0000
NLMK,2025-03,21,06:55,06:55,23:45,1.0000,0.0001,0.0539,0.0285,0.0048,0.7361,0.1534,0.0770,10.0000
NLMK,2025-04,22,06:55,06:55,23:45,1.0000,0.0002,0.0587,0.0293,0.0060,0.7016,0.1705,0.0856,8.0000
NLMK,2025-05,22,06:55,06:55,23:45,1.0000,0.0004,0.0524,0.0328,0.0066,0.7042,0.1436,0.1116,9.0000
NLMK,2025-06,21,06:55,06:55,23:45,1.0000,0.0002,0.0612,0.0255,0.0046,0.7464,0.1429,0.0888,9.0000
NLMK,2025-07,23,06:55,06:55,23:45,1.0000,0.0001,0.0641,0.0282,0.0060,0.7435,0.1237,0.0922,8.0000
NLMK,2025-08,21,06:55,06:55,23:45,1.0000,0.0005,0.0515,0.0335,0.0044,0.7113,0.1682,0.0920,10.0000
NLMK,2025-09,22,06:55,06:55,23:45,1.0000,0.0001,0.0489,0.0239,0.0042,0.7649,0.1401,0.0773,8.0000
NLMK,2025-10,23,06:55,06:55,23:45,1.0000,0.0001,0.0383,0.0253,0.0096,0.7493,0.1395,0.0602,8.0000
NLMK,2025-11,20,06:55,06:55,23:45,1.0000,0.0002,0.0454,0.0288,0.0060,0.7819,0.1220,0.0623,10.0000
NLMK,2025-12,23,06:55,06:55,23:45,1.0000,0.0002,0.0433,0.0243,0.0041,0.7420,0.1420,0.0777,8.0000
NLMK,2026-01,21,06:55,06:55,23:45,1.0000,0.0002,0.0534,0.0254,0.0057,0.7344,0.1310,0.0866,9.0000
NLMK,2026-02,20,06:55,06:55,23:45,1.0000,0.0002,0.0453,0.0331,0.0093,0.7612,0.1200,0.0828,8.0000
NLMK,2026-03,22,06:55,06:55,23:45,1.0000,0.0001,0.0563,0.0277,0.0062,0.7908,0.1155,0.0834,9.0000
NLMK,2026-04,22,06:55,06:55,23:45,1.0000,0.0001,0.0558,0.0285,0.0062,0.7560,0.1357,0.0933,8.0000
NLMK,2026-05,21,06:55,06:55,23:45,1.0000,0.0001,0.0511,0.0313,0.0083,0.7488,0.1563,0.0829,10.0000
NLMK,2026-06,22,06:55,06:55,23:45,1.0000,0.0001,0.0380,0.0265,0.0046,0.7902,0.1094,0.0735,8.0000
NLMK,2026-07,23,06:55,06:55,23:45,1.0000,0.0001,0.0553,0.0330,0.0067,0.7885,0.0936,0.0838,8.0000
NLMK,2026-08,21,06:55,06:55,23:45,1.0000,0.0002,0.0944,0.0437,0.0060,0.7010,0.1460,0.1233,10.0000
NLMK,2026-09,9,06:55,06:55,23:45,1.0000,0.0002,0.0782,0.0352,0.0077,0.6455,0.1649,0.1134,2.0000
NVTK,2022-01,20,06:55,06:55,23:45,1.0000,0.0000,0.0335,0.0120,0.0020,0.8448,0.0883,0.0437,0.0000
NVTK,2022-02,18,06:55,06:55,23:45,0.9444,0.0001,0.0274,0.0160,0.0071,0.8294,0.1088,0.0430,0.0000
NVTK,2022-03,6,09:55,09:55,13:45,0.0000,0.0000,0.0000,0.0000,0.0044,0.9956,0.0000,0.0000,0.0000
NVTK,2022-04,21,09:55,09:55,18:45,0.0000,0.0000,0.0000,0.0000,0.0013,0.9987,0.0000,0.0000,0.0000
NVTK,2022-05,18,09:55,09:55,18:45,0.0000,0.0000,0.0000,0.0000,0.0031,0.9969,0.0000,0.0000,0.0000
NVTK,2022-06,22,09:55,09:55,18:45,0.0000,0.0000,0.0000,0.0000,0.0013,0.9987,0.0000,0.0000,6.0000
NVTK,2022-07,21,09:55,09:55,18:45,0.0000,0.0000,0.0000,0.0000,0.0006,0.9994,0.0000,0.0000,10.0000
NVTK,2022-08,23,09:55,09:55,18:45,0.0000,0.0000,0.0000,0.0000,0.0021,0.9979,0.0000,0.0000,8.0000
NVTK,2022-09,22,09:55,09:55,23:45,0.0000,0.0000,0.0000,0.0000,0.0010,0.9544,0.0414,0.0000,6.0000
NVTK,2022-10,21,09:55,09:55,23:45,0.0000,0.0000,0.0000,0.0000,0.0018,0.9216,0.0774,0.0000,6.0000
NVTK,2022-11,22,09:55,09:55,23:45,0.0000,0.0000,0.0000,0.0000,0.0010,0.9079,0.0887,0.0000,8.0000
NVTK,2022-12,22,09:55,09:55,23:45,0.0000,0.0000,0.0000,0.0000,0.0011,0.9089,0.0898,0.0000,9.0000
NVTK,2023-01,22,09:55,09:55,23:45,0.0000,0.0000,0.0000,0.0000,0.0012,0.8990,0.0992,0.0000,9.0000
NVTK,2023-02,20,09:55,09:55,23:45,0.0000,0.0000,0.0000,0.0000,0.0009,0.9069,0.0926,0.0000,8.0000
NVTK,2023-03,23,09:55,09:55,23:45,0.0000,0.0000,0.0000,0.0000,0.0012,0.8938,0.1048,0.0000,8.0000
NVTK,2023-04,20,09:55,09:55,23:45,0.0000,0.0000,0.0000,0.0000,0.0014,0.9002,0.0988,0.0000,7.0000
NVTK,2023-05,22,09:55,09:55,23:45,0.0000,0.0000,0.0000,0.0000,0.0021,0.8861,0.1096,0.0000,8.0000
NVTK,2023-06,22,09:55,09:55,23:45,0.0000,0.0000,0.0000,0.0000,0.0011,0.9021,0.0963,0.0000,7.0000
NVTK,2023-07,21,09:55,09:55,23:45,0.0000,0.0000,0.0000,0.0000,0.0015,0.8841,0.1129,0.0000,10.0000
NVTK,2023-08,23,09:55,09:55,23:45,0.0000,0.0000,0.0000,0.0000,0.0021,0.8884,0.1089,0.0000,8.0000
NVTK,2023-09,21,09:55,09:55,23:45,0.0000,0.0000,0.0000,0.0000,0.0013,0.9154,0.0826,0.0000,9.0000
NVTK,2023-10,22,09:55,09:55,23:45,0.0000,0.0000,0.0000,0.0000,0.0018,0.8741,0.1235,0.0000,9.0000
NVTK,2023-11,22,09:55,09:55,23:45,0.0000,0.0000,0.0000,0.0000,0.0009,0.8771,0.1219,0.0000,8.0000
NVTK,2023-12,21,09:55,09:55,23:45,0.0000,0.0000,0.0000,0.0000,0.0011,0.9016,0.0977,0.0000,10.0000
NVTK,2024-01,22,09:55,09:55,23:45,0.0000,0.0000,0.0000,0.0000,0.0010,0.9051,0.0929,0.0000,8.0000
NVTK,2024-02,21,09:55,09:55,23:45,0.0000,0.0000,0.0000,0.0000,0.0014,0.8748,0.1241,0.0000,8.0000
NVTK,2024-03,21,09:55,09:55,23:45,0.0000,0.0000,0.0000,0.0000,0.0016,0.8914,0.1075,0.0000,10.0000
NVTK,2024-04,22,09:55,09:55,23:45,0.0000,0.0000,0.0000,0.0000,0.0014,0.8799,0.1187,0.0000,8.0000
NVTK,2024-05,23,09:55,09:55,23:45,0.0000,0.0000,0.0000,0.0000,0.0010,0.8327,0.1563,0.0000,8.0000
NVTK,2024-06,20,09:55,09:55,23:45,0.0000,0.0000,0.0000,0.0000,0.0007,0.8693,0.1286,0.0000,10.0000
NVTK,2024-07,23,09:55,09:55,23:45,0.0000,0.0000,0.0000,0.0000,0.0011,0.8888,0.1105,0.0000,8.0000
NVTK,2024-08,22,07:00,07:00,23:45,0.8636,0.0000,0.0034,0.0014,0.0007,0.8606,0.1328,0.0057,6.0000
NVTK,2024-09,21,07:00,07:00,23:45,1.0000,0.0000,0.0020,0.0009,0.0007,0.8627,0.1328,0.0032,9.0000
NVTK,2024-10,23,07:00,07:00,23:45,1.0000,0.0000,0.0023,0.0008,0.0005,0.8679,0.1210,0.0031,8.0000
NVTK,2024-11,21,07:00,07:00,23:45,1.0000,0.0000,0.0023,0.0011,0.0005,0.8327,0.1600,0.0037,9.0000
NVTK,2024-12,22,07:00,07:00,23:45,1.0000,0.0000,0.0016,0.0011,0.0007,0.8510,0.1452,0.0027,9.0000
NVTK,2025-01,22,07:00,06:55,23:45,1.0000,0.0000,0.0037,0.0023,0.0021,0.8414,0.1371,0.0058,8.0000
NVTK,2025-02,20,06:55,06:55,23:45,1.0000,0.0006,0.0404,0.0241,0.0060,0.7425,0.1605,0.0708,8.0000
NVTK,2025-03,21,06:55,06:55,23:45,1.0000,0.0003,0.0591,0.0219,0.0041,0.7339,0.1893,0.0779,10.0000
NVTK,2025-04,22,06:55,06:55,23:45,1.0000,0.0007,0.0682,0.0387,0.0074,0.6864,0.1822,0.1082,8.0000
NVTK,2025-05,22,06:55,06:55,23:45,1.0000,0.0004,0.0868,0.0450,0.0066,0.6519,0.1670,0.1424,9.0000
NVTK,2025-06,21,06:55,06:55,23:45,1.0000,0.0004,0.0725,0.0316,0.0058,0.7439,0.1353,0.1093,9.0000
NVTK,2025-07,23,06:55,06:55,23:45,1.0000,0.0002,0.0572,0.0274,0.0058,0.7684,0.1240,0.0898,8.0000
NVTK,2025-08,21,06:55,06:55,23:45,1.0000,0.0003,0.0569,0.0229,0.0060,0.7199,0.1694,0.0985,10.0000
NVTK,2025-09,22,06:55,06:55,23:45,1.0000,0.0003,0.0509,0.0345,0.0076,0.7806,0.1345,0.0944,8.0000
NVTK,2025-10,23,06:55,06:55,23:45,1.0000,0.0002,0.0302,0.0340,0.0051,0.7880,0.1215,0.0658,8.0000
NVTK,2025-11,20,06:55,06:55,23:45,1.0000,0.0005,0.0452,0.0250,0.0053,0.7172,0.1321,0.0820,10.0000
NVTK,2025-12,23,06:55,06:55,23:45,1.0000,0.0006,0.0551,0.0331,0.0047,0.7354,0.1437,0.0842,8.0000
NVTK,2026-01,21,06:55,06:55,23:45,1.0000,0.0006,0.0541,0.0335,0.0079,0.7538,0.1461,0.0870,9.0000
NVTK,2026-02,20,06:55,06:55,23:45,1.0000,0.0003,0.0482,0.0195,0.0058,0.8103,0.0909,0.0818,8.0000
NVTK,2026-03,22,06:55,06:55,23:45,1.0000,0.0012,0.0711,0.0279,0.0064,0.7232,0.1384,0.1013,9.0000
NVTK,2026-04,22,06:55,06:55,23:45,1.0000,0.0003,0.0712,0.0374,0.0062,0.7220,0.1364,0.1128,8.0000
NVTK,2026-05,21,06:55,06:55,23:45,1.0000,0.0002,0.0515,0.0363,0.0074,0.7571,0.1192,0.0974,10.0000
NVTK,2026-06,22,06:55,06:55,23:45,1.0000,0.0003,0.0369,0.0372,0.0055,0.7452,0.1296,0.0866,8.0000
NVTK,2026-07,23,06:55,06:55,23:45,1.0000,0.0003,0.0542,0.0399,0.0114,0.7569,0.1043,0.1071,8.0000
NVTK,2026-08,21,06:55,06:55,23:45,1.0000,0.0003,0.0747,0.0266,0.0055,0.7390,0.1155,0.1060,10.0000
NVTK,2026-09,9,06:55,06:55,23:45,1.0000,0.0006,0.1170,0.0304,0.0076,0.6022,0.1443,0.1502,2.0000
PLZL,2022-01,20,06:55,06:55,23:45,1.0000,0.0000,0.0444,0.0112,0.0021,0.8570,0.0906,0.0561,0.0000
PLZL,2022-02,18,06:55,06:55,23:45,0.9444,0.0000,0.0491,0.0138,0.0043,0.8331,0.0981,0.0643,0.0000
PLZL,2022-03,6,09:55,09:55,13:45,0.0000,0.0000,0.0000,0.0000,0.0018,0.9982,0.0000,0.0000,0.0000
PLZL,2022-04,21,09:55,09:55,18:45,0.0000,0.0000,0.0000,0.0000,0.0013,0.9987,0.0000,0.0000,0.0000
PLZL,2022-05,18,09:55,09:55,18:45,0.0000,0.0000,0.0000,0.0000,0.0007,0.9993,0.0000,0.0000,0.0000
PLZL,2022-06,21,09:55,09:55,18:45,0.0000,0.0000,0.0000,0.0000,0.0017,0.9983,0.0000,0.0000,0.0000
PLZL,2022-07,21,09:55,09:55,18:45,0.0000,0.0000,0.0000,0.0000,0.0012,0.9988,0.0000,0.0000,8.0000
PLZL,2022-08,23,09:55,09:55,18:45,0.0000,0.0000,0.0000,0.0000,0.0009,0.9991,0.0000,0.0000,8.0000
PLZL,2022-09,22,09:55,09:55,23:45,0.0000,0.0000,0.0000,0.0000,0.0009,0.9668,0.0321,0.0000,6.0000
PLZL,2022-10,21,09:55,09:55,23:45,0.0000,0.0000,0.0000,0.0000,0.0008,0.9170,0.0779,0.0000,6.0000
PLZL,2022-11,22,09:55,09:55,23:45,0.0000,0.0000,0.0000,0.0000,0.0010,0.8614,0.1349,0.0000,8.0000
PLZL,2022-12,22,09:55,09:55,23:45,0.0000,0.0000,0.0000,0.0000,0.0015,0.8554,0.1416,0.0000,9.0000
PLZL,2023-01,22,09:55,09:55,23:45,0.0000,0.0000,0.0000,0.0000,0.0022,0.8536,0.1431,0.0000,9.0000
PLZL,2023-02,20,09:55,09:55,23:45,0.0000,0.0000,0.0000,0.0000,0.0020,0.8627,0.1343,0.0000,8.0000
PLZL,2023-03,23,09:55,09:55,23:45,0.0000,0.0000,0.0000,0.0000,0.0022,0.8695,0.1292,0.0000,8.0000
PLZL,2023-04,20,09:55,09:55,23:45,0.0000,0.0000,0.0000,0.0000,0.0018,0.8910,0.1067,0.0000,9.0000
PLZL,2023-05,23,09:55,09:55,23:45,0.0000,0.0000,0.0000,0.0000,0.0013,0.8741,0.1234,0.0000,8.0000
PLZL,2023-06,22,09:55,09:55,23:45,0.0000,0.0000,0.0000,0.0000,0.0011,0.8921,0.1060,0.0000,7.0000
PLZL,2023-07,21,09:55,09:55,23:45,0.0000,0.0000,0.0000,0.0000,0.0008,0.8919,0.1074,0.0000,10.0000
PLZL,2023-08,23,09:55,09:55,23:45,0.0000,0.0000,0.0000,0.0000,0.0008,0.8861,0.1137,0.0000,8.0000
PLZL,2023-09,21,09:55,09:55,23:45,0.0000,0.0000,0.0000,0.0000,0.0008,0.8928,0.1064,0.0000,9.0000
PLZL,2023-10,22,09:55,09:55,23:45,0.0000,0.0000,0.0000,0.0000,0.0013,0.8659,0.1306,0.0000,9.0000
PLZL,2023-11,22,09:55,09:55,23:45,0.0000,0.0000,0.0000,0.0000,0.0010,0.8812,0.1180,0.0000,8.0000
PLZL,2023-12,21,09:55,09:55,23:45,0.0000,0.0000,0.0000,0.0000,0.0009,0.8377,0.1612,0.0000,10.0000
PLZL,2024-01,22,09:55,09:55,23:45,0.0000,0.0000,0.0000,0.0000,0.0008,0.8553,0.1441,0.0000,8.0000
PLZL,2024-02,21,09:55,09:55,23:45,0.0000,0.0000,0.0000,0.0000,0.0007,0.8782,0.1211,0.0000,8.0000
PLZL,2024-03,21,09:55,09:55,23:45,0.0000,0.0000,0.0000,0.0000,0.0015,0.9044,0.0947,0.0000,10.0000
PLZL,2024-04,22,09:55,09:55,23:45,0.0000,0.0000,0.0000,0.0000,0.0026,0.8296,0.1672,0.0000,8.0000
PLZL,2024-05,23,09:55,09:55,23:45,0.0000,0.0000,0.0000,0.0000,0.0020,0.8588,0.1391,0.0000,8.0000
PLZL,2024-06,20,09:55,09:55,23:45,0.0000,0.0000,0.0000,0.0000,0.0010,0.8911,0.1063,0.0000,10.0000
PLZL,2024-07,23,09:55,09:55,23:45,0.0000,0.0000,0.0000,0.0000,0.0015,0.8712,0.1268,0.0000,8.0000
PLZL,2024-08,22,07:00,07:00,23:45,0.5909,0.0000,0.0009,0.0004,0.0013,0.8613,0.1331,0.0017,9.0000
PLZL,2024-09,21,07:00,07:00,23:45,1.0000,0.0000,0.0019,0.0007,0.0012,0.8728,0.1240,0.0028,9.0000
PLZL,2024-10,23,07:00,07:00,23:45,1.0000,0.0000,0.0022,0.0012,0.0014,0.8866,0.1066,0.0036,8.0000
PLZL,2024-11,21,07:00,07:00,23:45,1.0000,0.0000,0.0028,0.0014,0.0013,0.8695,0.1227,0.0049,9.0000
PLZL,2024-12,22,07:00,07:00,23:45,1.0000,0.0000,0.0039,0.0016,0.0011,0.8590,0.1288,0.0052,9.0000
PLZL,2025-01,22,07:00,06:55,23:45,1.0000,0.0000,0.0040,0.0023,0.0022,0.8130,0.1457,0.0060,8.0000
PLZL,2025-02,20,06:55,06:55,23:45,1.0000,0.0004,0.0532,0.0240,0.0041,0.7522,0.1428,0.0902,8.0000
PLZL,2025-03,18,06:55,06:55,23:45,1.0000,0.0003,0.0440,0.0364,0.0050,0.7693,0.1158,0.0882,8.0000
PLZL,2025-04,22,06:55,06:55,23:45,1.0000,0.0015,0.0852,0.0358,0.0058,0.7269,0.1245,0.1396,8.0000
PLZL,2025-05,22,06:55,06:55,23:45,1.0000,0.0009,0.0841,0.0388,0.0088,0.7019,0.1272,0.1342,9.0000
PLZL,2025-06,21,06:55,06:55,23:45,1.0000,0.0002,0.0581,0.0376,0.0063,0.7668,0.1189,0.1068,9.0000
PLZL,2025-07,23,06:55,06:55,23:45,1.0000,0.0001,0.0540,0.0296,0.0064,0.7867,0.0906,0.0825,8.0000
PLZL,2025-08,21,06:55,06:55,23:45,1.0000,0.0002,0.0800,0.0270,0.0037,0.7368,0.1353,0.1026,10.0000
PLZL,2025-09,22,06:55,06:55,23:45,1.0000,0.0003,0.0616,0.0392,0.0054,0.7311,0.1210,0.1079,8.0000
PLZL,2025-10,23,06:55,06:55,23:45,1.0000,0.0008,0.0726,0.0380,0.0078,0.7338,0.1237,0.1052,8.0000
PLZL,2025-11,20,06:55,06:55,23:45,1.0000,0.0007,0.0614,0.0290,0.0081,0.7316,0.1333,0.0893,10.0000
PLZL,2025-12,23,06:55,06:55,23:45,1.0000,0.0004,0.0480,0.0257,0.0039,0.7714,0.1440,0.0852,8.0000
PLZL,2026-01,21,06:55,06:55,23:45,1.0000,0.0024,0.1280,0.0448,0.0102,0.6080,0.1878,0.1863,9.0000
PLZL,2026-02,20,06:55,06:55,23:45,1.0000,0.0011,0.0827,0.0380,0.0088,0.7161,0.1153,0.1208,8.0000
PLZL,2026-03,22,06:55,06:55,23:45,1.0000,0.0008,0.0615,0.0455,0.0084,0.7264,0.1309,0.1025,9.0000
PLZL,2026-04,22,06:55,06:55,23:45,1.0000,0.0005,0.0713,0.0285,0.0083,0.7416,0.1164,0.1295,8.0000
PLZL,2026-05,21,06:55,06:55,23:45,1.0000,0.0007,0.0595,0.0375,0.0064,0.7465,0.1394,0.1048,10.0000
PLZL,2026-06,22,06:55,06:55,23:45,1.0000,0.0005,0.0497,0.0347,0.0053,0.8106,0.0978,0.0900,8.0000
PLZL,2026-07,23,06:55,06:55,23:45,1.0000,0.0004,0.0888,0.0330,0.0068,0.7048,0.1165,0.1409,8.0000
PLZL,2026-08,21,06:55,06:55,23:45,1.0000,0.0004,0.1051,0.0325,0.0076,0.7206,0.1233,0.1470,10.0000
PLZL,2026-09,9,06:55,06:55,23:45,1.0000,0.0003,0.0735,0.0356,0.0060,0.7339,0.1499,0.1073,2.0000
ROSN,2022-01,20,10:00,10:00,23:45,0.0000,0.0000,0.0000,0.0000,0.0000,0.9082,0.0918,0.0000,0.0000
ROSN,2022-02,18,10:00,10:00,23:45,0.0000,0.0000,0.0000,0.0000,0.0000,0.9035,0.0965,0.0000,0.0000
ROSN,2022-03,6,10:00,10:00,13:45,0.0000,0.0000,0.0000,0.0000,0.0000,1.0000,0.0000,0.0000,0.0000
ROSN,2022-04,21,10:00,10:00,18:45,0.0000,0.0000,0.0000,0.0000,0.0000,1.0000,0.0000,0.0000,0.0000
ROSN,2022-05,18,10:00,10:00,18:45,0.0000,0.0000,0.0000,0.0000,0.0000,1.0000,0.0000,0.0000,0.0000
ROSN,2022-06,22,10:00,10:00,18:45,0.0000,0.0000,0.0000,0.0000,0.0000,1.0000,0.0000,0.0000,8.0000
ROSN,2022-07,21,10:00,10:00,18:45,0.0000,0.0000,0.0000,0.0000,0.0000,1.0000,0.0000,0.0000,10.0000
ROSN,2022-08,23,10:00,10:00,18:45,0.0000,0.0000,0.0000,0.0000,0.0000,1.0000,0.0000,0.0000,8.0000
ROSN,2022-09,22,10:00,10:00,23:45,0.0000,0.0000,0.0000,0.0000,0.0000,0.9644,0.0356,0.0000,6.0000
ROSN,2022-10,21,10:00,10:00,23:45,0.0000,0.0000,0.0000,0.0000,0.0000,0.9111,0.0889,0.0000,6.0000
ROSN,2022-11,22,10:00,10:00,23:45,0.0000,0.0000,0.0000,0.0000,0.0000,0.8705,0.1295,0.0000,8.0000
ROSN,2022-12,22,10:00,10:00,23:45,0.0000,0.0000,0.0000,0.0000,0.0000,0.8938,0.1062,0.0000,9.0000
ROSN,2023-01,22,10:00,10:00,23:45,0.0000,0.0000,0.0000,0.0000,0.0000,0.8769,0.1231,0.0000,9.0000
ROSN,2023-02,20,10:00,10:00,23:45,0.0000,0.0000,0.0000,0.0000,0.0000,0.8952,0.1048,0.0000,8.0000
ROSN,2023-03,23,10:00,10:00,23:45,0.0000,0.0000,0.0000,0.0000,0.0000,0.8777,0.1223,0.0000,8.0000
ROSN,2023-04,20,10:00,10:00,23:45,0.0000,0.0000,0.0000,0.0000,0.0000,0.8947,0.1053,0.0000,9.0000
ROSN,2023-05,23,10:00,10:00,23:45,0.0000,0.0000,0.0000,0.0000,0.0000,0.8515,0.1485,0.0000,8.0000
ROSN,2023-06,22,10:00,10:00,23:45,0.0000,0.0000,0.0000,0.0000,0.0000,0.8542,0.1458,0.0000,7.0000
ROSN,2023-07,21,10:00,10:00,23:45,0.0000,0.0000,0.0000,0.0000,0.0000,0.8501,0.1499,0.0000,8.0000
ROSN,2023-08,23,10:00,10:00,23:45,0.0000,0.0000,0.0000,0.0000,0.0000,0.8624,0.1376,0.0000,8.0000
ROSN,2023-09,21,10:00,10:00,23:45,0.0000,0.0000,0.0000,0.0000,0.0000,0.9049,0.0951,0.0000,9.0000
ROSN,2023-10,22,10:00,10:00,23:45,0.0000,0.0000,0.0000,0.0000,0.0000,0.8594,0.1406,0.0000,9.0000
ROSN,2023-11,22,10:00,10:00,23:45,0.0000,0.0000,0.0000,0.0000,0.0000,0.8566,0.1434,0.0000,8.0000
ROSN,2023-12,21,10:00,10:00,23:45,0.0000,0.0000,0.0000,0.0000,0.0000,0.8741,0.1259,0.0000,10.0000
ROSN,2024-01,22,09:55,09:55,23:45,0.0000,0.0000,0.0000,0.0000,0.0026,0.8804,0.1168,0.0000,8.0000
ROSN,2024-02,21,09:55,09:55,23:45,0.0000,0.0000,0.0000,0.0000,0.0012,0.8935,0.1055,0.0000,8.0000
ROSN,2024-03,21,09:55,09:55,23:45,0.0000,0.0000,0.0000,0.0000,0.0009,0.9092,0.0888,0.0000,10.0000
ROSN,2024-04,22,09:55,09:55,23:45,0.0000,0.0000,0.0000,0.0000,0.0012,0.8820,0.1172,0.0000,8.0000
ROSN,2024-05,23,09:55,09:55,23:45,0.0000,0.0000,0.0000,0.0000,0.0013,0.8435,0.1484,0.0000,8.0000
ROSN,2024-06,20,09:55,09:55,23:45,0.0000,0.0000,0.0000,0.0000,0.0009,0.8972,0.1009,0.0000,10.0000
ROSN,2024-07,23,09:55,09:55,23:45,0.0000,0.0000,0.0000,0.0000,0.0009,0.8909,0.1081,0.0000,8.0000
ROSN,2024-08,22,07:00,07:00,23:45,0.5909,0.0000,0.0018,0.0005,0.0010,0.8633,0.1304,0.0024,9.0000
ROSN,2024-09,21,07:00,07:00,23:45,1.0000,0.0000,0.0020,0.0009,0.0008,0.8841,0.1085,0.0032,9.0000
ROSN,2024-10,23,07:00,07:00,23:45,1.0000,0.0000,0.0017,0.0010,0.0006,0.8640,0.1298,0.0032,8.0000
ROSN,2024-11,21,07:00,07:00,23:45,1.0000,0.0000,0.0026,0.0011,0.0008,0.8712,0.1258,0.0038,9.0000
ROSN,2024-12,22,07:00,07:00,23:45,1.0000,0.0000,0.0024,0.0013,0.0004,0.8808,0.1153,0.0041,9.0000
ROSN,2025-01,22,07:00,06:55,23:45,1.0000,0.0000,0.0059,0.0029,0.0030,0.8159,0.1241,0.0090,8.0000
ROSN,2025-02,20,06:55,06:55,23:45,1.0000,0.0003,0.0353,0.0257,0.0061,0.7563,0.1522,0.0636,8.0000
ROSN,2025-03,21,06:55,06:55,23:45,1.0000,0.0003,0.0433,0.0275,0.0065,0.7577,0.1316,0.0812,10.0000
ROSN,2025-04,22,06:55,06:55,23:45,1.0000,0.0004,0.0517,0.0343,0.0085,0.6920,0.1636,0.0950,8.0000
ROSN,2025-05,22,06:55,06:55,23:45,1.0000,0.0003,0.0672,0.0405,0.0076,0.7334,0.1345,0.1162,9.0000
ROSN,2025-06,21,06:55,06:55,23:45,1.0000,0.0006,0.0901,0.0283,0.0043,0.7077,0.1634,0.1257,9.0000
ROSN,2025-07,23,06:55,06:55,23:45,1.0000,0.0002,0.0512,0.0292,0.0053,0.7458,0.1269,0.0859,8.0000
ROSN,2025-08,21,06:55,06:55,23:45,1.0000,0.0003,0.0463,0.0252,0.0059,0.6772,0.1886,0.0741,10.0000
ROSN,2025-09,22,06:55,06:55,23:45,1.0000,0.0001,0.0389,0.0251,0.0051,0.7424,0.1457,0.0680,8.0000
ROSN,2025-10,23,06:55,06:55,23:45,1.0000,0.0003,0.0381,0.0301,0.0063,0.7508,0.1312,0.0737,8.0000
ROSN,2025-11,20,06:55,06:55,23:45,1.0000,0.0001,0.0402,0.0300,0.0045,0.7342,0.1587,0.0799,10.0000
ROSN,2025-12,23,06:55,06:55,23:45,1.0000,0.0002,0.0470,0.0271,0.0046,0.7665,0.1351,0.0795,8.0000
ROSN,2026-01,21,06:55,06:55,23:45,0.9524,0.0002,0.0396,0.0310,0.0074,0.7354,0.1584,0.0806,9.0000
ROSN,2026-02,20,06:55,06:55,23:45,1.0000,0.0005,0.0413,0.0222,0.0050,0.7904,0.1440,0.0698,8.0000
ROSN,2026-03,22,06:55,06:55,23:45,1.0000,0.0020,0.1029,0.0393,0.0069,0.6596,0.1612,0.1525,9.0000
ROSN,2026-04,22,06:55,06:55,23:45,1.0000,0.0008,0.0862,0.0425,0.0069,0.6448,0.1665,0.1207,8.0000
ROSN,2026-05,21,06:55,06:55,23:45,1.0000,0.0004,0.0575,0.0424,0.0062,0.6862,0.1625,0.1031,10.0000
ROSN,2026-06,22,06:55,06:55,23:45,1.0000,0.0003,0.0609,0.0469,0.0066,0.7418,0.1248,0.1251,8.0000
ROSN,2026-07,23,06:55,06:55,23:45,1.0000,0.0005,0.1063,0.0512,0.0114,0.6791,0.1259,0.1751,8.0000
ROSN,2026-08,21,06:55,06:55,23:45,1.0000,0.0003,0.1011,0.0322,0.0069,0.7044,0.1194,0.1413,10.0000
ROSN,2026-09,9,06:55,06:55,23:45,1.0000,0.0004,0.0784,0.0427,0.0100,0.6008,0.1711,0.1247,2.0000
SBER,2022-01,20,10:00,10:00,23:45,0.0000,0.0000,0.0000,0.0000,0.0000,0.8872,0.1128,0.0000,0.0000
SBER,2022-02,18,10:00,10:00,23:45,0.0000,0.0000,0.0000,0.0000,0.0000,0.8761,0.1239,0.0000,0.0000
SBER,2022-03,6,10:00,10:00,13:45,0.0000,0.0000,0.0000,0.0000,0.0000,1.0000,0.0000,0.0000,0.0000
SBER,2022-04,21,10:00,10:00,18:45,0.0000,0.0000,0.0000,0.0000,0.0000,1.0000,0.0000,0.0000,0.0000
SBER,2022-05,18,10:00,10:00,18:45,0.0000,0.0000,0.0000,0.0000,0.0000,1.0000,0.0000,0.0000,0.0000
SBER,2022-06,22,10:00,10:00,18:45,0.0000,0.0000,0.0000,0.0000,0.0000,1.0000,0.0000,0.0000,8.0000
SBER,2022-07,21,10:00,10:00,18:45,0.0000,0.0000,0.0000,0.0000,0.0000,1.0000,0.0000,0.0000,10.0000
SBER,2022-08,23,10:00,10:00,18:45,0.0000,0.0000,0.0000,0.0000,0.0000,1.0000,0.0000,0.0000,8.0000
SBER,2022-09,22,10:00,10:00,23:45,0.0000,0.0000,0.0000,0.0000,0.0000,0.9642,0.0358,0.0000,6.0000
SBER,2022-10,21,10:00,10:00,23:45,0.0000,0.0000,0.0000,0.0000,0.0000,0.9315,0.0685,0.0000,6.0000
SBER,2022-11,22,10:00,10:00,23:45,0.0000,0.0000,0.0000,0.0000,0.0000,0.9021,0.0979,0.0000,8.0000
SBER,2022-12,22,10:00,10:00,23:45,0.0000,0.0000,0.0000,0.0000,0.0000,0.9004,0.0996,0.0000,9.0000
SBER,2023-01,22,10:00,10:00,23:45,0.0000,0.0000,0.0000,0.0000,0.0000,0.8871,0.1129,0.0000,9.0000
SBER,2023-02,20,10:00,10:00,23:45,0.0000,0.0000,0.0000,0.0000,0.0000,0.8958,0.1042,0.0000,8.0000
SBER,2023-03,23,10:00,10:00,23:45,0.0000,0.0000,0.0000,0.0000,0.0000,0.8865,0.1135,0.0000,8.0000
SBER,2023-04,20,10:00,10:00,23:45,0.0000,0.0000,0.0000,0.0000,0.0000,0.8880,0.1120,0.0000,9.0000
SBER,2023-05,22,10:00,10:00,23:45,0.0000,0.0000,0.0000,0.0000,0.0000,0.8650,0.1350,0.0000,8.0000
SBER,2023-06,22,10:00,10:00,23:45,0.0000,0.0000,0.0000,0.0000,0.0000,0.8809,0.1191,0.0000,7.0000
SBER,2023-07,21,10:00,10:00,23:45,0.0000,0.0000,0.0000,0.0000,0.0000,0.8571,0.1429,0.0000,10.0000
SBER,2023-08,23,10:00,10:00,23:45,0.0000,0.0000,0.0000,0.0000,0.0000,0.8662,0.1338,0.0000,8.0000
SBER,2023-09,21,10:00,10:00,23:45,0.0000,0.0000,0.0000,0.0000,0.0000,0.9035,0.0965,0.0000,9.0000
SBER,2023-10,22,10:00,10:00,23:45,0.0000,0.0000,0.0000,0.0000,0.0000,0.8724,0.1276,0.0000,9.0000
SBER,2023-11,22,10:00,10:00,23:45,0.0000,0.0000,0.0000,0.0000,0.0000,0.8962,0.1038,0.0000,8.0000
SBER,2023-12,21,10:00,10:00,23:45,0.0000,0.0000,0.0000,0.0000,0.0000,0.8909,0.1091,0.0000,10.0000
SBER,2024-01,22,09:55,09:55,23:45,0.0000,0.0000,0.0000,0.0000,0.0022,0.8829,0.1135,0.0000,8.0000
SBER,2024-02,21,09:55,09:55,23:45,0.0000,0.0000,0.0000,0.0000,0.0021,0.8903,0.1078,0.0000,8.0000
SBER,2024-03,21,09:55,09:55,23:45,0.0000,0.0000,0.0000,0.0000,0.0019,0.8911,0.1065,0.0000,10.0000
SBER,2024-04,22,09:55,09:55,23:45,0.0000,0.0000,0.0000,0.0000,0.0020,0.8914,0.1061,0.0000,8.0000
SBER,2024-05,23,09:55,09:55,23:45,0.0000,0.0000,0.0000,0.0000,0.0014,0.8740,0.1236,0.0000,8.0000
SBER,2024-06,20,09:55,09:55,23:45,0.0000,0.0000,0.0000,0.0000,0.0011,0.9154,0.0837,0.0000,10.0000
SBER,2024-07,23,09:55,09:55,23:45,0.0000,0.0000,0.0000,0.0000,0.0012,0.8864,0.1093,0.0000,8.0000
SBER,2024-08,22,07:00,07:00,23:45,0.9091,0.0000,0.0036,0.0013,0.0016,0.8738,0.1238,0.0049,9.0000
SBER,2024-09,21,07:00,07:00,23:45,1.0000,0.0000,0.0016,0.0009,0.0014,0.8861,0.1102,0.0024,9.0000
SBER,2024-10,23,07:00,07:00,23:45,1.0000,0.0000,0.0013,0.0007,0.0019,0.9082,0.0878,0.0020,8.0000
SBER,2024-11,21,07:00,07:00,23:45,1.0000,0.0000,0.0017,0.0011,0.0015,0.8386,0.1594,0.0027,9.0000
SBER,2024-12,22,07:00,07:00,23:45,1.0000,0.0000,0.0011,0.0007,0.0012,0.8824,0.1102,0.0019,9.0000
SBER,2025-01,22,07:00,06:55,23:45,1.0000,0.0000,0.0033,0.0014,0.0030,0.8402,0.1265,0.0043,8.0000
SBER,2025-02,20,06:55,06:55,23:45,1.0000,0.0004,0.0536,0.0288,0.0086,0.7050,0.1701,0.0944,8.0000
SBER,2025-03,21,06:55,06:55,23:45,1.0000,0.0003,0.0519,0.0258,0.0044,0.7249,0.1507,0.0817,10.0000
SBER,2025-04,22,06:55,06:55,23:45,1.0000,0.0006,0.0566,0.0315,0.0067,0.6847,0.1887,0.0914,8.0000
SBER,2025-05,22,06:55,06:55,23:45,1.0000,0.0004,0.0560,0.0402,0.0057,0.7442,0.1164,0.1005,9.0000
SBER,2025-06,21,06:55,06:55,23:45,1.0000,0.0003,0.0573,0.0320,0.0091,0.7683,0.1276,0.0836,9.0000
SBER,2025-07,23,06:55,06:55,23:45,1.0000,0.0004,0.0488,0.0267,0.0055,0.7985,0.1081,0.0737,8.0000
SBER,2025-08,21,06:55,06:55,23:45,1.0000,0.0003,0.0522,0.0302,0.0053,0.7289,0.1296,0.0916,10.0000
SBER,2025-09,22,06:55,06:55,23:45,1.0000,0.0003,0.0446,0.0298,0.0063,0.7659,0.1244,0.0815,8.0000
SBER,2025-10,23,06:55,06:55,23:45,1.0000,0.0002,0.0400,0.0436,0.0065,0.7398,0.1185,0.0847,8.0000
SBER,2025-11,20,06:55,06:55,23:45,1.0000,0.0004,0.0476,0.0354,0.0074,0.7727,0.1094,0.0803,10.0000
SBER,2025-12,23,06:55,06:55,23:45,1.0000,0.0002,0.0403,0.0335,0.0037,0.7531,0.1291,0.0799,8.0000
SBER,2026-01,21,06:55,06:55,23:45,1.0000,0.0003,0.0403,0.0431,0.0077,0.7561,0.1296,0.0837,9.0000
SBER,2026-02,20,06:55,06:55,23:45,1.0000,0.0003,0.0417,0.0305,0.0071,0.7833,0.1017,0.0867,8.0000
SBER,2026-03,22,06:55,06:55,23:45,1.0000,0.0003,0.0562,0.0344,0.0070,0.7804,0.1100,0.1027,9.0000
SBER,2026-04,22,06:55,06:55,23:45,1.0000,0.0002,0.0430,0.0308,0.0069,0.7971,0.1003,0.0704,8.0000
SBER,2026-05,21,06:55,06:55,23:45,1.0000,0.0003,0.0450,0.0340,0.0056,0.7967,0.0982,0.0723,10.0000
SBER,2026-06,22,06:55,06:55,23:45,1.0000,0.0002,0.0382,0.0323,0.0052,0.8146,0.0872,0.0694,8.0000
SBER,2026-07,23,06:55,06:55,23:45,1.0000,0.0001,0.0567,0.0386,0.0070,0.8176,0.0807,0.1005,8.0000
SBER,2026-08,21,06:55,06:55,23:45,1.0000,0.0002,0.0843,0.0333,0.0065,0.7489,0.1048,0.1167,10.0000
SBER,2026-09,9,06:55,06:55,23:45,1.0000,0.0004,0.0789,0.0320,0.0093,0.7103,0.1012,0.1052,2.0000
SELG,2022-01,20,10:00,10:00,18:45,0.0000,0.0000,0.0000,0.0000,0.0000,1.0000,0.0000,0.0000,0.0000
SELG,2022-02,18,10:00,10:00,18:45,0.0000,0.0000,0.0000,0.0000,0.0000,1.0000,0.0000,0.0000,0.0000
SELG,2022-03,4,10:00,10:00,13:45,0.0000,0.0000,0.0000,0.0000,0.0000,1.0000,0.0000,0.0000,0.0000
SELG,2022-04,21,10:00,10:00,18:45,0.0000,0.0000,0.0000,0.0000,0.0000,1.0000,0.0000,0.0000,0.0000
SELG,2022-05,18,10:00,10:00,18:45,0.0000,0.0000,0.0000,0.0000,0.0000,1.0000,0.0000,0.0000,0.0000
SELG,2022-06,21,10:00,10:00,18:45,0.0000,0.0000,0.0000,0.0000,0.0000,1.0000,0.0000,0.0000,0.0000
SELG,2022-07,21,10:00,10:00,18:45,0.0000,0.0000,0.0000,0.0000,0.0000,1.0000,0.0000,0.0000,0.0000
SELG,2022-08,23,10:00,10:00,18:45,0.0000,0.0000,0.0000,0.0000,0.0000,1.0000,0.0000,0.0000,0.0000
SELG,2022-09,22,10:00,10:00,18:45,0.0000,0.0000,0.0000,0.0000,0.0000,1.0000,0.0000,0.0000,0.0000
SELG,2022-10,21,10:00,10:00,18:45,0.0000,0.0000,0.0000,0.0000,0.0000,1.0000,0.0000,0.0000,0.0000
SELG,2022-11,21,10:00,10:00,18:45,0.0000,0.0000,0.0000,0.0000,0.0000,1.0000,0.0000,0.0000,0.0000
SELG,2022-12,22,10:00,10:00,18:45,0.0000,0.0000,0.0000,0.0000,0.0000,1.0000,0.0000,0.0000,0.0000
SELG,2023-01,21,09:55,09:55,18:45,0.0000,0.0000,0.0000,0.0000,0.0020,0.9980,0.0000,0.0000,0.0000
SELG,2023-02,19,09:55,09:55,18:45,0.0000,0.0000,0.0000,0.0000,0.0012,0.9988,0.0000,0.0000,0.0000
SELG,2023-03,22,09:55,09:55,18:45,0.0000,0.0000,0.0000,0.0000,0.0021,0.9979,0.0000,0.0000,0.0000
SELG,2023-04,20,09:55,09:55,18:45,0.0000,0.0000,0.0000,0.0000,0.0024,0.9976,0.0000,0.0000,0.0000
SELG,2023-05,21,09:55,09:55,18:45,0.0000,0.0000,0.0000,0.0000,0.0024,0.9976,0.0000,0.0000,0.0000
SELG,2023-06,21,09:55,09:55,18:45,0.0000,0.0000,0.0000,0.0000,0.0035,0.9965,0.0000,0.0000,0.0000
SELG,2023-07,21,09:55,09:55,18:45,0.0000,0.0000,0.0000,0.0000,0.0020,0.9980,0.0000,0.0000,0.0000
SELG,2023-08,23,09:55,09:55,18:45,0.0000,0.0000,0.0000,0.0000,0.0029,0.9971,0.0000,0.0000,0.0000
SELG,2023-09,21,09:55,09:55,18:45,0.0000,0.0000,0.0000,0.0000,0.0018,0.9980,0.0000,0.0000,0.0000
SELG,2023-10,22,09:55,09:55,23:45,0.0000,0.0000,0.0000,0.0000,0.0016,0.8695,0.1263,0.0000,6.0000
SELG,2023-11,22,09:55,09:55,23:45,0.0000,0.0000,0.0000,0.0000,0.0016,0.7963,0.1991,0.0000,8.0000
SELG,2023-12,21,09:55,09:55,23:45,0.0000,0.0000,0.0000,0.0000,0.0011,0.8010,0.1878,0.0000,10.0000
SELG,2024-01,22,09:55,09:55,23:45,0.0000,0.0000,0.0000,0.0000,0.0016,0.8363,0.1615,0.0000,8.0000
SELG,2024-02,21,09:55,09:55,23:45,0.0000,0.0000,0.0000,0.0000,0.0013,0.8693,0.1302,0.0000,8.0000
SELG,2024-03,21,09:55,09:55,23:45,0.0000,0.0000,0.0000,0.0000,0.0014,0.8414,0.1509,0.0000,10.0000
SELG,2024-04,22,09:55,09:55,23:45,0.0000,0.0000,0.0000,0.0000,0.0020,0.8515,0.1457,0.0000,8.0000
SELG,2024-05,23,09:55,09:55,23:45,0.0000,0.0000,0.0000,0.0000,0.0020,0.8211,0.1739,0.0000,8.0000
SELG,2024-06,20,09:55,09:55,23:45,0.0000,0.0000,0.0000,0.0000,0.0016,0.8463,0.1501,0.0000,10.0000
SELG,2024-07,23,09:55,09:55,23:45,0.0000,0.0000,0.0000,0.0000,0.0008,0.8079,0.1921,0.0000,8.0000
SELG,2024-08,22,09:55,09:55,23:45,0.0000,0.0000,0.0000,0.0000,0.0008,0.8089,0.1905,0.0000,9.0000
SELG,2024-09,21,07:00,07:00,23:45,1.0000,0.0000,0.0054,0.0017,0.0008,0.7809,0.1856,0.0073,9.0000
SELG,2024-10,23,07:00,07:00,23:45,1.0000,0.0000,0.0056,0.0029,0.0012,0.7860,0.1718,0.0083,8.0000
SELG,2024-11,21,07:00,07:00,23:45,1.0000,0.0000,0.0038,0.0016,0.0016,0.7797,0.2003,0.0054,9.0000
SELG,2024-12,22,07:00,07:00,23:45,1.0000,0.0000,0.0052,0.0021,0.0008,0.8315,0.1599,0.0069,9.0000
SELG,2025-01,22,07:00,06:55,23:45,1.0000,0.0000,0.0154,0.0061,0.0013,0.7050,0.2225,0.0224,8.0000
SELG,2025-02,20,06:55,06:55,23:45,1.0000,0.0002,0.0749,0.0353,0.0056,0.6176,0.2136,0.1239,8.0000
SELG,2025-03,21,06:55,06:55,23:45,1.0000,0.0000,0.0848,0.0363,0.0056,0.6705,0.1700,0.1289,10.0000
SELG,2025-04,22,06:55,06:55,23:45,1.0000,0.0003,0.1433,0.0453,0.0081,0.6246,0.1712,0.1902,8.0000
SELG,2025-05,22,06:55,06:55,23:45,1.0000,0.0001,0.0838,0.0385,0.0060,0.6201,0.1808,0.1227,9.0000
SELG,2025-06,21,06:55,06:55,23:45,1.0000,0.0001,0.1114,0.0243,0.0032,0.6785,0.1826,0.1307,9.0000
SELG,2025-07,23,06:55,06:55,23:45,1.0000,0.0000,0.1113,0.0364,0.0104,0.6314,0.1361,0.1598,8.0000
SELG,2025-08,21,06:55,06:55,23:45,1.0000,0.0001,0.0718,0.0184,0.0050,0.6864,0.1437,0.1049,10.0000
SELG,2025-09,22,06:55,06:55,23:45,1.0000,0.0001,0.0990,0.0287,0.0057,0.6847,0.1324,0.1194,8.0000
SELG,2025-10,23,06:55,06:55,23:45,1.0000,0.0001,0.0722,0.0250,0.0052,0.7188,0.1497,0.1261,8.0000
SELG,2025-11,20,06:55,06:55,23:45,1.0000,0.0000,0.0985,0.0320,0.0103,0.6134,0.1795,0.1489,10.0000
SELG,2025-12,23,06:55,06:55,23:45,0.9565,0.0003,0.1009,0.0310,0.0077,0.5661,0.2130,0.1739,8.0000
SELG,2026-01,21,06:55,06:55,23:45,1.0000,0.0011,0.1778,0.0395,0.0094,0.5115,0.1886,0.2187,9.0000
SELG,2026-02,20,06:55,06:55,23:45,1.0000,0.0015,0.1424,0.0427,0.0106,0.5574,0.1552,0.2080,8.0000
SELG,2026-03,22,06:55,06:55,23:45,1.0000,0.0004,0.1650,0.0515,0.0077,0.6150,0.1597,0.2309,9.0000
SELG,2026-04,22,06:55,06:55,23:45,1.0000,0.0008,0.1334,0.0430,0.0096,0.5691,0.1626,0.1742,8.0000
SELG,2026-05,21,06:55,06:55,23:45,1.0000,0.0000,0.1063,0.0393,0.0065,0.5959,0.1884,0.1948,10.0000
SELG,2026-06,22,06:55,06:55,23:45,1.0000,0.0002,0.0879,0.0562,0.0108,0.6132,0.1569,0.1713,8.0000
SELG,2026-07,23,06:55,06:55,23:45,1.0000,0.0003,0.1462,0.0352,0.0069,0.6380,0.1304,0.1707,8.0000
SELG,2026-08,21,06:55,06:55,23:45,1.0000,0.0002,0.1585,0.0352,0.0094,0.5754,0.1361,0.2197,10.0000
SELG,2026-09,9,06:55,06:55,23:45,1.0000,0.0002,0.1216,0.0357,0.0051,0.5614,0.1453,0.1327,2.0000
Si,2022-01,21,07:00,07:00,23:45,1.0000,0.0000,0.0558,0.0280,0.0057,0.7490,0.1557,0.0844,0.0000
Si,2022-02,19,07:00,07:00,23:45,0.9474,0.0000,0.0544,0.0246,0.0070,0.7266,0.1785,0.0802,0.0000
Si,2022-03,20,10:00,10:00,18:40,0.0000,0.0000,0.0000,0.0000,0.0000,1.0000,0.0000,0.0000,0.0000
Si,2022-04,21,10:00,10:00,18:40,0.0000,0.0000,0.0000,0.0000,0.0000,1.0000,0.0000,0.0000,0.0000
Si,2022-05,18,10:00,10:00,18:40,0.0000,0.0000,0.0000,0.0000,0.0000,1.0000,0.0000,0.0000,0.0000
Si,2022-06,21,10:00,10:00,18:45,0.0000,0.0000,0.0000,0.0000,0.0000,1.0000,0.0000,0.0000,0.0000
Si,2022-07,21,10:00,10:00,23:45,0.0000,0.0000,0.0000,0.0000,0.0000,0.9747,0.0253,0.0000,0.0000
Si,2022-08,23,10:00,10:00,23:45,0.0000,0.0000,0.0000,0.0000,0.0000,0.9637,0.0363,0.0000,0.0000
Si,2022-09,22,09:00,09:00,23:45,0.6818,0.0000,0.0000,0.0280,0.0043,0.9011,0.0514,0.0280,0.0000
Si,2022-10,21,09:00,09:00,23:45,1.0000,0.0000,0.0000,0.0381,0.0061,0.9204,0.0349,0.0381,0.0000
Si,2022-11,21,09:00,09:00,23:45,1.0000,0.0000,0.0000,0.0390,0.0058,0.9010,0.0459,0.0390,0.0000
Si,2022-12,22,09:00,09:00,23:45,1.0000,0.0000,0.0000,0.0466,0.0067,0.8766,0.0617,0.0466,0.0000
Si,2023-01,21,09:00,09:00,23:45,1.0000,0.0000,0.0000,0.0489,0.0085,0.8824,0.0555,0.0489,0.0000
Si,2023-02,19,09:00,09:00,23:45,1.0000,0.0000,0.0000,0.0499,0.0076,0.8729,0.0546,0.0499,0.0000
Si,2023-03,22,09:00,09:00,23:45,1.0000,0.0000,0.0000,0.0478,0.0075,0.9096,0.0398,0.0478,0.0000
Si,2023-04,20,09:00,09:00,23:45,1.0000,0.0000,0.0000,0.0498,0.0068,0.8900,0.0389,0.0498,0.0000
Si,2023-05,21,09:00,09:00,23:45,1.0000,0.0000,0.0000,0.0529,0.0106,0.8867,0.0370,0.0529,0.0000
Si,2023-06,21,09:00,09:00,23:45,1.0000,0.0000,0.0000,0.0510,0.0090,0.9046,0.0357,0.0510,0.0000
Si,2023-07,21,08:55,08:55,23:45,1.0000,0.0000,0.0001,0.0598,0.0097,0.8895,0.0431,0.0602,0.0000
Si,2023-08,23,08:55,08:55,23:45,1.0000,0.0000,0.0004,0.0565,0.0094,0.8811,0.0502,0.0567,0.0000
Si,2023-09,21,09:00,08:55,23:45,1.0000,0.0000,0.0000,0.0441,0.0089,0.8903,0.0500,0.0441,0.0000
Si,2023-10,22,09:00,09:00,23:45,1.0000,0.0000,0.0000,0.0520,0.0088,0.8880,0.0475,0.0520,0.0000
Si,2023-11,22,08:55,08:55,23:45,1.0000,0.0000,0.0004,0.0419,0.0077,0.8915,0.0586,0.0421,0.0000
Si,2023-12,21,08:55,08:55,23:45,1.0000,0.0000,0.0002,0.0379,0.0071,0.9078,0.0450,0.0381,0.0000
Si,2024-01,21,08:55,08:55,23:45,1.0000,0.0000,0.0004,0.0430,0.0078,0.8957,0.0432,0.0442,0.0000
Si,2024-02,20,08:55,08:55,23:45,1.0000,0.0000,0.0001,0.0323,0.0076,0.9150,0.0373,0.0332,0.0000
Si,2024-03,20,08:55,08:55,23:45,1.0000,0.0000,0.0003,0.0420,0.0075,0.9150,0.0327,0.0423,0.0000
Si,2024-04,22,08:55,08:55,23:45,1.0000,0.0000,0.0001,0.0484,0.0109,0.8967,0.0355,0.0485,1.0000
Si,2024-05,21,08:55,08:55,23:45,1.0000,0.0000,0.0002,0.0523,0.0099,0.9020,0.0340,0.0526,0.0000
Si,2024-06,19,09:55,08:55,23:45,0.3684,0.0000,0.0000,0.0000,0.0008,0.9567,0.0370,0.0000,0.0000
Si,2024-07,23,09:55,09:55,23:45,0.0000,0.0000,0.0000,0.0000,0.0000,0.9538,0.0459,0.0000,0.0000
Si,2024-08,22,09:55,09:55,23:45,0.0000,0.0000,0.0000,0.0000,0.0001,0.9602,0.0392,0.0000,0.0000
Si,2024-09,21,09:55,09:55,23:45,0.0000,0.0000,0.0000,0.0000,0.0001,0.9636,0.0363,0.0000,0.0000
Si,2024-10,23,09:55,09:55,23:45,0.0000,0.0000,0.0000,0.0000,0.0001,0.9504,0.0493,0.0000,0.0000
Si,2024-11,20,09:55,09:55,23:45,0.0000,0.0000,0.0000,0.0000,0.0002,0.9194,0.0805,0.0000,1.0000
Si,2024-12,21,09:55,09:55,23:45,0.0000,0.0000,0.0000,0.0000,0.0001,0.9425,0.0567,0.0000,1.0000
Si,2025-01,20,09:55,08:55,23:45,0.2500,0.0000,0.0000,0.0000,0.0002,0.9226,0.0693,0.0000,0.0000
Si,2025-02,20,08:55,08:55,23:45,1.0000,0.0000,0.0000,0.0289,0.0053,0.8901,0.0776,0.0290,0.0000
Si,2025-03,21,08:55,08:55,23:45,1.0000,0.0000,0.0001,0.0275,0.0050,0.8715,0.0870,0.0275,0.0000
Si,2025-04,22,08:55,08:55,23:45,1.0000,0.0000,0.0001,0.0339,0.0046,0.8840,0.0810,0.0340,0.0000
Si,2025-05,20,08:55,08:55,23:45,1.0000,0.0000,0.0002,0.0470,0.0073,0.8695,0.0679,0.0472,0.0000
Si,2025-06,20,08:55,08:55,23:45,1.0000,0.0000,0.0001,0.0426,0.0067,0.9044,0.0496,0.0426,0.0000
Si,2025-07,23,08:55,08:55,23:45,1.0000,0.0000,0.0000,0.0326,0.0054,0.9108,0.0518,0.0328,0.0000
Si,2025-08,21,08:55,08:55,23:45,1.0000,0.0000,0.0000,0.0320,0.0026,0.8918,0.0509,0.0320,0.0000
Si,2025-09,22,08:55,08:55,23:45,1.0000,0.0000,0.0001,0.0339,0.0062,0.9093,0.0542,0.0340,0.0000
Si,2025-10,23,08:55,08:55,23:45,1.0000,0.0000,0.0001,0.0514,0.0079,0.8815,0.0590,0.0515,0.0000
Si,2025-11,19,08:55,08:55,23:45,1.0000,0.0000,0.0000,0.0335,0.0064,0.8957,0.0398,0.0335,1.0000
Si,2025-12,22,08:55,08:55,23:45,1.0000,0.0000,0.0001,0.0278,0.0052,0.9275,0.0386,0.0279,0.0000
Si,2026-01,19,08:55,08:55,23:45,1.0000,0.0000,0.0000,0.0407,0.0053,0.8971,0.0426,0.0407,0.0000
Si,2026-02,19,08:55,08:55,23:45,1.0000,0.0000,0.0001,0.0194,0.0036,0.9313,0.0299,0.0195,0.0000
Si,2026-03,22,08:55,08:55,23:45,1.0000,0.0000,0.0001,0.0302,0.0047,0.9163,0.0445,0.0303,0.0000
Si,2026-04,22,08:55,08:55,23:45,1.0000,0.0000,0.0000,0.0408,0.0071,0.9075,0.0390,0.0409,0.0000
Si,2026-05,20,08:55,08:55,23:45,1.0000,0.0000,0.0001,0.0377,0.0065,0.9093,0.0352,0.0377,0.0000
Si,2026-06,21,08:55,08:55,23:45,1.0000,0.0000,0.0001,0.0423,0.0065,0.9121,0.0360,0.0423,0.0000
Si,2026-07,23,07:00,06:55,23:45,1.0000,0.0000,0.0151,0.0273,0.0053,0.9140,0.0353,0.0419,4.0000
Si,2026-08,21,06:55,06:55,23:45,1.0000,0.0000,0.0215,0.0198,0.0047,0.8895,0.0416,0.0470,6.0000
Si,2026-09,9,06:55,06:55,23:45,1.0000,0.0000,0.0170,0.0160,0.0050,0.9089,0.0455,0.0314,2.0000
TATN,2022-01,20,10:00,10:00,23:45,0.0000,0.0000,0.0000,0.0000,0.0000,0.9149,0.0851,0.0000,0.0000
TATN,2022-02,18,10:00,10:00,23:45,0.0000,0.0000,0.0000,0.0000,0.0000,0.8798,0.1202,0.0000,0.0000
TATN,2022-03,6,10:00,10:00,13:45,0.0000,0.0000,0.0000,0.0000,0.0000,1.0000,0.0000,0.0000,0.0000
TATN,2022-04,21,10:00,10:00,18:45,0.0000,0.0000,0.0000,0.0000,0.0000,1.0000,0.0000,0.0000,0.0000
TATN,2022-05,18,10:00,10:00,18:45,0.0000,0.0000,0.0000,0.0000,0.0000,1.0000,0.0000,0.0000,0.0000
TATN,2022-06,21,10:00,10:00,18:45,0.0000,0.0000,0.0000,0.0000,0.0000,1.0000,0.0000,0.0000,0.0000
TATN,2022-07,21,10:00,10:00,18:45,0.0000,0.0000,0.0000,0.0000,0.0000,1.0000,0.0000,0.0000,4.0000
TATN,2022-08,23,10:00,10:00,18:45,0.0000,0.0000,0.0000,0.0000,0.0000,1.0000,0.0000,0.0000,8.0000
TATN,2022-09,22,10:00,10:00,23:45,0.0000,0.0000,0.0000,0.0000,0.0000,0.9591,0.0409,0.0000,6.0000
TATN,2022-10,21,10:00,10:00,23:45,0.0000,0.0000,0.0000,0.0000,0.0000,0.9113,0.0887,0.0000,6.0000
TATN,2022-11,22,10:00,10:00,23:45,0.0000,0.0000,0.0000,0.0000,0.0000,0.8744,0.1256,0.0000,8.0000
TATN,2022-12,22,10:00,10:00,23:45,0.0000,0.0000,0.0000,0.0000,0.0000,0.9308,0.0692,0.0000,9.0000
TATN,2023-01,22,10:00,10:00,23:45,0.0000,0.0000,0.0000,0.0000,0.0000,0.8920,0.1080,0.0000,7.0000
TATN,2023-02,20,10:00,10:00,23:45,0.0000,0.0000,0.0000,0.0000,0.0000,0.8931,0.1069,0.0000,8.0000
TATN,2023-03,23,10:00,10:00,23:45,0.0000,0.0000,0.0000,0.0000,0.0000,0.9080,0.0920,0.0000,8.0000
TATN,2023-04,20,10:00,10:00,23:45,0.0000,0.0000,0.0000,0.0000,0.0000,0.8878,0.1122,0.0000,9.0000
TATN,2023-05,23,10:00,10:00,23:45,0.0000,0.0000,0.0000,0.0000,0.0000,0.8837,0.1163,0.0000,8.0000
TATN,2023-06,22,10:00,10:00,23:45,0.0000,0.0000,0.0000,0.0000,0.0000,0.8354,0.1646,0.0000,7.0000
TATN,2023-07,21,10:00,10:00,23:45,0.0000,0.0000,0.0000,0.0000,0.0000,0.8768,0.1232,0.0000,8.0000
TATN,2023-08,23,10:00,10:00,23:45,0.0000,0.0000,0.0000,0.0000,0.0000,0.8744,0.1256,0.0000,8.0000
TATN,2023-09,21,10:00,10:00,23:45,0.0000,0.0000,0.0000,0.0000,0.0000,0.8771,0.1229,0.0000,9.0000
TATN,2023-10,22,10:00,10:00,23:45,0.0000,0.0000,0.0000,0.0000,0.0000,0.8704,0.1296,0.0000,9.0000
TATN,2023-11,22,10:00,10:00,23:45,0.0000,0.0000,0.0000,0.0000,0.0000,0.8677,0.1323,0.0000,8.0000
TATN,2023-12,21,10:00,10:00,23:45,0.0000,0.0000,0.0000,0.0000,0.0000,0.8882,0.1118,0.0000,10.0000
TATN,2024-01,22,09:55,09:55,23:45,0.0000,0.0000,0.0000,0.0000,0.0033,0.8766,0.1202,0.0000,6.0000
TATN,2024-02,21,09:55,09:55,23:45,0.0000,0.0000,0.0000,0.0000,0.0010,0.8817,0.1170,0.0000,8.0000
TATN,2024-03,21,09:55,09:55,23:45,0.0000,0.0000,0.0000,0.0000,0.0010,0.9153,0.0843,0.0000,10.0000
TATN,2024-04,22,09:55,09:55,23:45,0.0000,0.0000,0.0000,0.0000,0.0013,0.8841,0.1133,0.0000,8.0000
TATN,2024-05,23,09:55,09:55,23:45,0.0000,0.0000,0.0000,0.0000,0.0005,0.9013,0.0977,0.0000,8.0000
TATN,2024-06,20,09:55,09:55,23:45,0.0000,0.0000,0.0000,0.0000,0.0005,0.9067,0.0926,0.0000,10.0000
TATN,2024-07,23,09:55,09:55,23:45,0.0000,0.0000,0.0000,0.0000,0.0006,0.8633,0.1366,0.0000,8.0000
TATN,2024-08,22,07:00,07:00,23:45,0.5909,0.0000,0.0008,0.0004,0.0011,0.8200,0.1777,0.0013,9.0000
TATN,2024-09,21,07:00,07:00,23:45,1.0000,0.0000,0.0022,0.0011,0.0009,0.8876,0.1067,0.0031,9.0000
TATN,2024-10,23,07:00,07:00,23:45,0.9565,0.0000,0.0011,0.0008,0.0009,0.8606,0.1369,0.0019,8.0000
TATN,2024-11,21,07:00,07:00,23:45,1.0000,0.0000,0.0013,0.0007,0.0008,0.8157,0.1834,0.0019,9.0000
TATN,2024-12,22,07:00,07:00,23:45,1.0000,0.0000,0.0011,0.0005,0.0005,0.8777,0.1169,0.0017,9.0000
TATN,2025-01,22,07:00,06:55,23:45,1.0000,0.0000,0.0029,0.0008,0.0021,0.8315,0.1367,0.0037,8.0000
TATN,2025-02,20,06:55,06:55,23:45,1.0000,0.0001,0.0251,0.0355,0.0062,0.7766,0.1354,0.0666,8.0000
TATN,2025-03,21,06:55,06:55,23:45,1.0000,0.0001,0.0383,0.0266,0.0054,0.7604,0.1486,0.0654,10.0000
TATN,2025-04,22,06:55,06:55,23:45,1.0000,0.0002,0.0330,0.0433,0.0074,0.7159,0.1670,0.0709,8.0000
TATN,2025-05,22,06:55,06:55,23:45,1.0000,0.0003,0.0389,0.0318,0.0072,0.7701,0.1131,0.0807,9.0000
TATN,2025-06,21,06:55,06:55,23:45,1.0000,0.0001,0.0313,0.0204,0.0048,0.7961,0.1183,0.0584,9.0000
TATN,2025-07,23,06:55,06:55,23:45,1.0000,0.0001,0.0231,0.0225,0.0048,0.8410,0.1067,0.0455,8.0000
TATN,2025-08,21,06:55,06:55,23:45,1.0000,0.0001,0.0247,0.0222,0.0043,0.8005,0.1411,0.0471,10.0000
TATN,2025-09,22,06:55,06:55,23:45,1.0000,0.0001,0.0221,0.0233,0.0032,0.7881,0.1281,0.0496,8.0000
TATN,2025-10,23,06:55,06:55,23:45,1.0000,0.0001,0.0336,0.0271,0.0058,0.7754,0.1317,0.0597,8.0000
TATN,2025-11,20,06:55,06:55,23:45,1.0000,0.0001,0.0422,0.0314,0.0065,0.7404,0.1373,0.0794,10.0000
TATN,2025-12,23,06:55,06:55,23:45,0.9565,0.0001,0.0328,0.0350,0.0036,0.7585,0.1465,0.0756,8.0000
TATN,2026-01,21,06:55,06:55,23:45,0.9524,0.0002,0.0329,0.0380,0.0086,0.7928,0.1236,0.0707,7.0000
TATN,2026-02,20,06:55,06:55,23:45,1.0000,0.0002,0.0286,0.0222,0.0049,0.8108,0.1134,0.0581,8.0000
TATN,2026-03,22,06:55,06:55,23:45,1.0000,0.0012,0.0669,0.0321,0.0074,0.7657,0.1247,0.0982,9.0000
TATN,2026-04,22,06:55,06:55,23:45,1.0000,0.0004,0.0625,0.0382,0.0069,0.7490,0.1060,0.1012,8.0000
TATN,2026-05,21,06:55,06:55,23:45,1.0000,0.0001,0.0446,0.0317,0.0081,0.8053,0.0905,0.0721,10.0000
TATN,2026-06,22,06:55,06:55,23:45,1.0000,0.0001,0.0450,0.0371,0.0049,0.7953,0.0861,0.0861,8.0000
TATN,2026-07,23,06:55,06:55,23:45,1.0000,0.0004,0.0589,0.0357,0.0087,0.7719,0.1120,0.1119,8.0000
TATN,2026-08,21,06:55,06:55,23:45,1.0000,0.0002,0.0542,0.0224,0.0048,0.7554,0.1157,0.0838,10.0000
TATN,2026-09,9,06:55,06:55,23:45,1.0000,0.0001,0.0631,0.0215,0.0045,0.7094,0.1325,0.0925,2.0000
АКЦИИ,2022-01,20,07:10,06:55,23:45,0.5000,0.0000,0.0046,0.0009,0.0002,0.8762,0.0894,0.0067,0.0000
АКЦИИ,2022-02,18,09:55,06:55,23:45,0.4722,0.0000,0.0000,0.0000,0.0000,0.8679,0.0981,0.0000,0.0000
АКЦИИ,2022-03,6,09:55,09:55,13:45,0.0000,0.0000,0.0000,0.0000,0.0006,0.9994,0.0000,0.0000,0.0000
АКЦИИ,2022-04,21,09:55,09:55,18:45,0.0000,0.0000,0.0000,0.0000,0.0000,1.0000,0.0000,0.0000,0.0000
АКЦИИ,2022-05,18,09:55,09:55,18:45,0.0000,0.0000,0.0000,0.0000,0.0001,0.9999,0.0000,0.0000,0.0000
АКЦИИ,2022-06,22,10:00,09:55,18:45,0.0000,0.0000,0.0000,0.0000,0.0000,1.0000,0.0000,0.0000,8.0000
АКЦИИ,2022-07,21,09:55,09:55,18:45,0.0000,0.0000,0.0000,0.0000,0.0001,0.9999,0.0000,0.0000,10.0000
АКЦИИ,2022-08,23,09:55,09:55,18:45,0.0000,0.0000,0.0000,0.0000,0.0001,0.9999,0.0000,0.0000,8.0000
АКЦИИ,2022-09,22,09:55,09:55,23:45,0.0000,0.0000,0.0000,0.0000,0.0000,0.9673,0.0321,0.0000,6.0000
АКЦИИ,2022-10,21,09:55,09:55,23:45,0.0000,0.0000,0.0000,0.0000,0.0000,0.9263,0.0729,0.0000,6.0000
АКЦИИ,2022-11,22,10:00,09:55,23:45,0.0000,0.0000,0.0000,0.0000,0.0000,0.8941,0.1050,0.0000,8.0000
АКЦИИ,2022-12,22,09:55,09:55,23:45,0.0000,0.0000,0.0000,0.0000,0.0000,0.9040,0.0945,0.0000,9.0000
АКЦИИ,2023-01,22,09:55,09:55,23:45,0.0000,0.0000,0.0000,0.0000,0.0006,0.8925,0.1057,0.0000,9.0000
АКЦИИ,2023-02,20,09:55,09:55,23:45,0.0000,0.0000,0.0000,0.0000,0.0006,0.9020,0.0965,0.0000,8.0000
АКЦИИ,2023-03,23,09:55,09:55,23:45,0.0000,0.0000,0.0000,0.0000,0.0007,0.9010,0.0985,0.0000,8.0000
АКЦИИ,2023-04,20,09:55,09:55,23:45,0.0000,0.0000,0.0000,0.0000,0.0007,0.9017,0.0977,0.0000,9.0000
АКЦИИ,2023-05,23,09:55,09:55,23:45,0.0000,0.0000,0.0000,0.0000,0.0004,0.8872,0.1101,0.0000,8.0000
АКЦИИ,2023-06,22,09:55,09:55,23:45,0.0000,0.0000,0.0000,0.0000,0.0005,0.8916,0.1071,0.0000,7.0000
АКЦИИ,2023-07,21,09:55,09:55,23:45,0.0000,0.0000,0.0000,0.0000,0.0005,0.8872,0.1115,0.0000,10.0000
АКЦИИ,2023-08,23,09:55,09:55,23:45,0.0000,0.0000,0.0000,0.0000,0.0006,0.8898,0.1086,0.0000,8.0000
АКЦИИ,2023-09,21,09:55,09:55,23:45,0.0000,0.0000,0.0000,0.0000,0.0005,0.9036,0.0962,0.0000,9.0000
АКЦИИ,2023-10,22,09:55,09:55,23:45,0.0000,0.0000,0.0000,0.0000,0.0005,0.8754,0.1220,0.0000,9.0000
АКЦИИ,2023-11,22,09:55,09:55,23:45,0.0000,0.0000,0.0000,0.0000,0.0005,0.8785,0.1207,0.0000,8.0000
АКЦИИ,2023-12,21,09:55,09:55,23:45,0.0000,0.0000,0.0000,0.0000,0.0004,0.8736,0.1243,0.0000,10.0000
АКЦИИ,2024-01,22,09:55,09:55,23:45,0.0000,0.0000,0.0000,0.0000,0.0016,0.8823,0.1158,0.0000,8.0000
АКЦИИ,2024-02,21,09:55,09:55,23:45,0.0000,0.0000,0.0000,0.0000,0.0013,0.8882,0.1094,0.0000,8.0000
АКЦИИ,2024-03,21,09:55,09:55,23:45,0.0000,0.0000,0.0000,0.0000,0.0014,0.8963,0.1021,0.0000,10.0000
АКЦИИ,2024-04,22,09:55,09:55,23:45,0.0000,0.0000,0.0000,0.0000,0.0017,0.8789,0.1191,0.0000,8.0000
АКЦИИ,2024-05,23,09:55,09:55,23:45,0.0000,0.0000,0.0000,0.0000,0.0014,0.8619,0.1344,0.0000,8.0000
АКЦИИ,2024-06,20,09:55,09:55,23:45,0.0000,0.0000,0.0000,0.0000,0.0009,0.8889,0.1081,0.0000,10.0000
АКЦИИ,2024-07,23,09:55,09:55,23:45,0.0000,0.0000,0.0000,0.0000,0.0009,0.8827,0.1147,0.0000,8.0000
АКЦИИ,2024-08,22,07:00,07:00,23:45,0.6227,0.0000,0.0010,0.0004,0.0010,0.8654,0.1260,0.0018,9.0000
АКЦИИ,2024-09,21,07:00,07:00,23:45,0.9905,0.0000,0.0019,0.0009,0.0010,0.8791,0.1158,0.0028,9.0000
АКЦИИ,2024-10,23,07:00,07:00,23:45,0.9957,0.0000,0.0015,0.0008,0.0008,0.8795,0.1159,0.0024,8.0000
АКЦИИ,2024-11,21,07:00,07:00,23:45,1.0000,0.0000,0.0021,0.0011,0.0009,0.8420,0.1488,0.0031,9.0000
АКЦИИ,2024-12,22,07:00,07:00,23:45,1.0000,0.0000,0.0017,0.0009,0.0007,0.8738,0.1190,0.0027,9.0000
АКЦИИ,2025-01,22,07:00,06:55,23:45,1.0000,0.0000,0.0037,0.0020,0.0021,0.8305,0.1273,0.0059,8.0000
АКЦИИ,2025-02,20,06:55,06:55,23:45,1.0000,0.0002,0.0416,0.0262,0.0057,0.7431,0.1534,0.0757,8.0000
АКЦИИ,2025-03,21,06:55,06:55,23:45,1.0000,0.0002,0.0471,0.0271,0.0048,0.7406,0.1501,0.0779,10.0000
АКЦИИ,2025-04,22,06:55,06:55,23:45,1.0000,0.0004,0.0572,0.0357,0.0069,0.7016,0.1703,0.0991,8.0000
АКЦИИ,2025-05,22,06:55,06:55,23:45,1.0000,0.0004,0.0600,0.0373,0.0070,0.7146,0.1381,0.1098,9.0000
АКЦИИ,2025-06,21,06:55,06:55,23:45,1.0000,0.0003,0.0588,0.0292,0.0051,0.7498,0.1354,0.0984,9.0000
АКЦИИ,2025-07,23,06:55,06:55,23:45,1.0000,0.0002,0.0507,0.0277,0.0056,0.7725,0.1212,0.0863,8.0000
АКЦИИ,2025-08,21,06:55,06:55,23:45,1.0000,0.0002,0.0504,0.0265,0.0052,0.7288,0.1559,0.0853,10.0000
АКЦИИ,2025-09,22,06:55,06:55,23:45,1.0000,0.0001,0.0456,0.0277,0.0053,0.7620,0.1335,0.0781,8.0000
АКЦИИ,2025-10,23,06:55,06:55,23:45,1.0000,0.0002,0.0415,0.0301,0.0063,0.7578,0.1293,0.0772,8.0000
АКЦИИ,2025-11,20,06:55,06:55,23:45,1.0000,0.0003,0.0474,0.0288,0.0064,0.7333,0.1346,0.0811,10.0000
АКЦИИ,2025-12,23,06:55,06:55,23:45,0.9870,0.0003,0.0471,0.0303,0.0041,0.7449,0.1392,0.0842,8.0000
АКЦИИ,2026-01,21,06:55,06:55,23:45,0.9857,0.0006,0.0531,0.0377,0.0078,0.7125,0.1459,0.1016,9.0000
АКЦИИ,2026-02,20,06:55,06:55,23:45,1.0000,0.0004,0.0544,0.0296,0.0071,0.7704,0.1185,0.0856,8.0000
АКЦИИ,2026-03,22,06:55,06:55,23:45,1.0000,0.0005,0.0633,0.0384,0.0075,0.7420,0.1257,0.1054,9.0000
АКЦИИ,2026-04,22,06:55,06:55,23:45,1.0000,0.0003,0.0624,0.0336,0.0065,0.7370,0.1194,0.1069,8.0000
АКЦИИ,2026-05,21,06:55,06:55,23:45,1.0000,0.0003,0.0528,0.0362,0.0067,0.7514,0.1243,0.0949,10.0000
АКЦИИ,2026-06,22,06:55,06:55,23:45,1.0000,0.0002,0.0460,0.0350,0.0054,0.7748,0.1077,0.0839,8.0000
АКЦИИ,2026-07,23,06:55,06:55,23:45,1.0000,0.0002,0.0680,0.0386,0.0085,0.7505,0.1069,0.1144,8.0000
АКЦИИ,2026-08,21,06:55,06:55,23:45,1.0000,0.0003,0.0829,0.0288,0.0062,0.7307,0.1122,0.1206,10.0000
АКЦИИ,2026-09,9,06:55,06:55,23:45,1.0000,0.0004,0.0748,0.0330,0.0060,0.6791,0.1435,0.1230,2.0000
